Usia ,USIA,Jenis Kelamin,KELAMIN,Pekerjaan ,Pendidikan ,Pendapatan ,Kepemilikan Kendaraan,PENGALAMAN MENGGUNAKAN SOL,PENGALAMAN,Pengalaman/ Frekuensi Berkunjung (1 Tahun) ,Asal Perjalanan,Alasan Berkunjung,Tujuan Perjalanan ,Moda Transportasi Sering Digunakan ,Cara Mencapai Moda Transportasi ,Alasan Menggunakan Moda Transportasi ,X11,X12,X13,X14,X21,X22,X23,X24,X31,X32,X33,X41,X42,X43,Y11,Y12,Y13,Y14,Y15,Y16,Y17,Y18,Y19,Y20,Y21,Y22
26 - 35 Tahun,2,Laki-laki,1,Swasta/Karyawan/BUMN/BUMD,D1 / D2/ D3,5 – 8 Juta,Memiliki,Belum,2,1 – 6 x setahun,Jakarta Raya,Mengunjungi Keluarga,Rumah orang tua,Kendaraan Pribadi (Parkir di Stasiun/ Dijemput),Berjalan Kaki,"Waktu lebih singkat, Biaya Murah, Keamanan, Kenyamanan, Kemudahan",2,3,3,5,2,3,4,3,3,3,3,4,3,3,5,5,4,5,5,5,5,5,3,3,4,4
26 - 35 Tahun,2,Laki-laki,1,ASN/TNI/Polri,S1,5 – 8 Juta,Memiliki,Belum,2,2 - 7x seminggu,Jawa Tengah,Bekerja,Hotel/ Penginapan,"Kendaraan Sewa/ Transportasi  (Gojek, Grab, Taxi, dll)",Menggunakan Aplikasi (Gojek/ Grab/ lainnya),"Waktu lebih singkat, Kemudahan",4,4,4,4,4,4,4,4,4,4,4,3,3,3,4,4,4,4,4,4,4,4,4,4,4,5
> 54 Tahun,5,Laki-laki,1,ASN/TNI/Polri,S1,5 – 8 Juta,Memiliki,Belum,2,1 – 6 x setahun,Jawa Tengah,Bekerja,Hotel/ Penginapan,"Kendaraan Sewa/ Transportasi  (Gojek, Grab, Taxi, dll)",Menggunakan Aplikasi (Gojek/ Grab/ lainnya),Biaya Murah,2,2,3,4,4,4,3,4,3,3,3,3,3,3,3,3,3,3,3,3,3,3,3,3,2,4
12 - 25 Tahun,1,Laki-laki,1,Pelajar/Mahasiswa,S1,"< 1,9 Juta",Memiliki,Pernah,1,1 – 6 x setahun,Jawa Barat,Pendidikan,"Area Tugu Yogyakarta (Pasar Kranggan, dll)",Kendaraan Pribadi (Parkir di Stasiun/ Dijemput),Berjalan Kaki,"Waktu lebih singkat, Biaya Murah, Keamanan, Kenyamanan, Kemudahan",3,4,4,5,5,2,4,3,4,4,4,4,4,4,5,5,5,5,4,5,5,4,3,3,4,4
12 - 25 Tahun,1,Perempuan,2,Pelajar/Mahasiswa,S1,2 – 5 Juta,Memiliki,Belum,2,7 – 12x setahun,Jakarta dan sekitarnya,Pendidikan,SLEMAN,"Kendaraan Sewa/ Transportasi  (Gojek, Grab, Taxi, dll)",Menggunakan Aplikasi (Gojek/ Grab/ lainnya),"Kenyamanan, Kemudahan",1,1,1,3,5,5,3,5,1,1,1,3,3,3,5,5,5,5,5,5,5,5,5,5,5,5
26 - 35 Tahun,2,Perempuan,2,ASN/TNI/Polri,S2,5 – 8 Juta,Memiliki,Belum,2,1 – 6 x setahun,Jakarta dan sekitarnya,Wisata/ Rekreasi/ Kuliner,Hotel/ Penginapan,"Kendaraan Sewa/ Transportasi  (Gojek, Grab, Taxi, dll)",Berjalan Kaki,"Waktu lebih singkat, Kemudahan",4,3,3,3,5,5,5,4,3,4,2,3,2,3,4,4,4,4,4,3,4,4,3,3,3,3
26 - 35 Tahun,2,Laki-laki,1,Swasta/Karyawan/BUMN/BUMD,S2,> 8 Juta,Memiliki,Belum,2,1 – 6 x setahun,Jakarta dan sekitarnya,Wisata/ Rekreasi/ Kuliner,Kawasan Malioboro,Berjalan Kaki,Berjalan Kaki,"Biaya Murah, Pengalaman menarik, Kenyamanan, Kemudahan",5,4,2,5,5,4,5,3,5,5,5,5,5,5,5,5,5,5,5,5,5,5,5,4,4,5
26 - 35 Tahun,2,Perempuan,2,Pelajar/Mahasiswa,S2,5 – 8 Juta,Memiliki,Belum,2,1 – 6 x setahun,Jawa Timur,Rumah Di Jogja (Tapi biasanya naik kereta karena Bekerja),Kampus UGM atau ke Kos Atau ke Rumah,Kendaraan Pribadi (Parkir di Stasiun/ Dijemput),Berjalan Kaki,"Waktu lebih singkat, Biaya Murah, Kemudahan, Punya Motor",4,4,4,4,4,3,3,2,5,5,4,2,2,2,4,4,4,4,4,4,4,4,4,3,3,4
26 - 35 Tahun,2,Laki-laki,1,ASN/TNI/Polri,S2,5 – 8 Juta,Memiliki,Belum,2,1 – 6 x setahun,Jakarta dan sekitarnya,Wisata/ Rekreasi/ Kuliner,Hotel/ Penginapan,"Kendaraan Sewa/ Transportasi  (Gojek, Grab, Taxi, dll)",Berjalan Kaki,Waktu lebih singkat,5,4,3,5,5,5,5,4,4,4,5,3,3,3,4,4,5,4,4,5,5,5,4,3,4,3
26 - 35 Tahun,2,Laki-laki,1,Swasta/Karyawan/BUMN/BUMD,S1,> 8 Juta,Memiliki,Pernah,1,1 – 6 x setahun,Jakarta dan sekitarnya,Wisata/ Rekreasi/ Kuliner,"Kawasan Malioboro, Hotel/ Penginapan, Area Keraton Yogyakarta, Area Tugu Yogyakarta (Pasar Kranggan, dll), Pasar Beringharjo","Kendaraan Sewa/ Transportasi  (Gojek, Grab, Taxi, dll)",Menggunakan Aplikasi (Gojek/ Grab/ lainnya),"Waktu lebih singkat, Biaya Murah, Keamanan, Kemudahan",5,5,5,5,3,3,3,2,5,5,5,5,5,5,4,3,5,4,4,5,5,5,5,5,5,5
26 - 35 Tahun,2,Laki-laki,1,ASN/TNI/Polri,S2,5 – 8 Juta,Tidak Memiliki,Belum,2,1 – 6 x setahun,Jakarta dan sekitarnya,Wisata/ Rekreasi/ Kuliner,Hotel/ Penginapan,"Kendaraan Sewa/ Transportasi  (Gojek, Grab, Taxi, dll)",Menggunakan Aplikasi (Gojek/ Grab/ lainnya),Kemudahan,2,4,3,4,3,4,2,3,4,4,4,4,4,4,3,4,4,4,4,3,4,4,4,4,3,5
36 - 45 Tahun,3,Laki-laki,1,ASN/TNI/Polri,S1,5 – 8 Juta,Memiliki,Belum,2,1 – 6 x setahun,Jawa Timur,Wisata/ Rekreasi/ Kuliner,Kawasan Malioboro,"Kendaraan Sewa/ Transportasi  (Gojek, Grab, Taxi, dll)",Menggunakan Aplikasi (Gojek/ Grab/ lainnya),"Waktu lebih singkat, Biaya Murah, Kemudahan",3,4,4,4,2,2,3,2,4,4,4,4,3,3,4,4,3,5,4,3,3,4,4,4,3,4
36 - 45 Tahun,3,Perempuan,2,ASN/TNI/Polri,S1,5 – 8 Juta,Memiliki,Belum,2,1 – 4x sebulan,Jawa Timur,Wisata/ Rekreasi/ Kuliner,Pasar Beringharjo,Kendaraan Pribadi (Parkir di Stasiun/ Dijemput),Berjalan Kaki,"Ramah Lingkungan, Pengalaman menarik, Kemudahan",5,5,3,5,4,4,4,2,4,4,3,4,4,4,5,5,5,4,4,3,4,4,3,3,3,4
36 - 45 Tahun,3,Laki-laki,1,Pelajar/Mahasiswa,S1,2 – 5 Juta,Memiliki,Pernah,1,1 – 6 x setahun,Solo Raya,Mengunjungi Keluarga,"Kawasan Malioboro, Area Keraton Yogyakarta, Area Tugu Yogyakarta (Pasar Kranggan, dll)","Kendaraan Sewa/ Transportasi  (Gojek, Grab, Taxi, dll)",Menggunakan Aplikasi (Gojek/ Grab/ lainnya),"Waktu lebih singkat, Kemudahan",5,5,5,5,4,4,3,1,5,5,5,5,5,5,3,5,5,5,5,3,4,5,5,5,5,4
36 - 45 Tahun,3,Laki-laki,1,ASN/TNI/Polri,S1,5 – 8 Juta,Memiliki,Belum,2,1 – 6 x setahun,Solo Raya,Wisata/ Rekreasi/ Kuliner,"Kawasan Malioboro, Hotel/ Penginapan, Area Keraton Yogyakarta, Area Tugu Yogyakarta (Pasar Kranggan, dll)","Kendaraan Sewa/ Transportasi  (Gojek, Grab, Taxi, dll)",Menggunakan Aplikasi (Gojek/ Grab/ lainnya),"Waktu lebih singkat, Biaya Murah, Kenyamanan, Kemudahan",3,3,5,5,3,4,4,2,4,5,4,5,3,4,5,5,5,5,5,5,5,5,5,5,5,5
36 - 45 Tahun,3,Laki-laki,1,ASN/TNI/Polri,S1,5 – 8 Juta,Memiliki,Pernah,1,1 – 6 x setahun,Jakarta dan sekitarnya,Bekerja,"Kawasan Malioboro, Area Keraton Yogyakarta, Pasar Beringharjo","Angkutan Umum (Bus Trans Jogja, Damri, dll)","Angkutan Umum (Bus, dll)","Biaya Murah, Keamanan, Pengalaman menarik, Kenyamanan, Kemudahan",4,4,3,4,4,4,3,3,4,4,4,4,4,4,5,5,4,4,4,4,4,4,4,4,4,4
36 - 45 Tahun,3,Laki-laki,1,Swasta/Karyawan/BUMN/BUMD,S1,> 8 Juta,Memiliki,Belum,2,1 – 6 x setahun,Jakarta dan sekitarnya,Bekerja,"Kawasan Malioboro, Hotel/ Penginapan","Kendaraan Sewa/ Transportasi  (Gojek, Grab, Taxi, dll)",Menggunakan Aplikasi (Gojek/ Grab/ lainnya),"Waktu lebih singkat, Kemudahan",4,4,4,4,3,3,3,2,4,4,4,4,4,4,4,4,4,4,4,4,4,4,4,4,4,5
36 - 45 Tahun,3,Perempuan,2,ASN/TNI/Polri,S2,5 – 8 Juta,Memiliki,Pernah,1,1 – 6 x setahun,Jakarta dan sekitarnya,Bekerja,Hotel/ Penginapan,"Kendaraan Sewa/ Transportasi  (Gojek, Grab, Taxi, dll)",Menggunakan Aplikasi (Gojek/ Grab/ lainnya),"Waktu lebih singkat, Biaya Murah, Kemudahan",4,4,5,2,4,4,2,2,5,5,5,5,3,5,5,5,5,5,5,5,5,5,5,5,5,4
36 - 45 Tahun,3,Laki-laki,1,ASN/TNI/Polri,S1,2 – 5 Juta,Memiliki,Belum,2,1 – 6 x setahun,Jawa Barat,Wisata/ Rekreasi/ Kuliner,"Kawasan Malioboro, Area Keraton Yogyakarta",Berjalan Kaki,Berjalan Kaki,Pengalaman menarik,4,4,4,3,4,4,4,2,3,3,3,3,3,3,5,5,5,5,5,5,5,5,4,4,4,5
36 - 45 Tahun,3,Laki-laki,1,Pelajar/Mahasiswa,S1,2 – 5 Juta,Memiliki,Belum,2,1 – 6 x setahun,Jakarta dan sekitarnya,Mengunjungi Keluarga,Hotel/ Penginapan,Kendaraan Pribadi (Parkir di Stasiun/ Dijemput),"Telpon/ WA/ SMS, lainnya","Kenyamanan, Kemudahan",3,4,3,2,4,4,3,3,4,4,4,4,4,4,4,5,5,5,5,5,5,5,5,5,4,4
36 - 45 Tahun,3,Laki-laki,1,ASN/TNI/Polri,S1,5 – 8 Juta,Memiliki,Belum,2,1 – 4x sebulan,Jakarta dan sekitarnya,Pendidikan,"Kawasan Malioboro, Hotel/ Penginapan, Area Tugu Yogyakarta (Pasar Kranggan, dll)","Kendaraan Sewa/ Transportasi  (Gojek, Grab, Taxi, dll)",Berjalan Kaki,"Ramah Lingkungan, Kemudahan",2,3,4,4,5,5,5,5,3,4,3,2,3,2,4,5,5,5,5,5,5,5,5,5,5,5
36 - 45 Tahun,3,Perempuan,2,ASN/TNI/Polri,S1,2 – 5 Juta,Tidak Memiliki,Belum,2,1 – 6 x setahun,Jakarta dan sekitarnya,Wisata/ Rekreasi/ Kuliner,"Kawasan Malioboro, Hotel/ Penginapan, Area Keraton Yogyakarta, Area Tugu Yogyakarta (Pasar Kranggan, dll), Pasar Beringharjo","Kendaraan Sewa/ Transportasi  (Gojek, Grab, Taxi, dll)","Telpon/ WA/ SMS, lainnya","Waktu lebih singkat, Kenyamanan, Kemudahan",5,5,5,5,5,5,5,2,5,5,5,5,5,5,5,5,5,5,5,5,5,5,5,5,5,5
36 - 45 Tahun,3,Perempuan,2,Swasta/Karyawan/BUMN/BUMD,S1,2 – 5 Juta,Memiliki,Belum,2,1 – 4x sebulan,Solo Raya,Bekerja,Ngaglik,"Kendaraan Sewa/ Transportasi  (Gojek, Grab, Taxi, dll)",Menggunakan Aplikasi (Gojek/ Grab/ lainnya),"Waktu lebih singkat, Kenyamanan, Kemudahan",4,4,4,4,4,4,4,4,3,5,4,4,4,3,5,5,5,5,5,5,5,5,5,5,5,5
36 - 45 Tahun,3,Perempuan,2,Swasta/Karyawan/BUMN/BUMD,D1 / D2/ D3,2 – 5 Juta,Memiliki,Belum,2,1 – 6 x setahun,Solo Raya,Wisata/ Rekreasi/ Kuliner,"Kawasan Malioboro, Hotel/ Penginapan, Area Tugu Yogyakarta (Pasar Kranggan, dll), Pasar Beringharjo, Wisata kuliner lainnya",Sewa motor,"Telpon/ WA/ SMS, lainnya","Biaya Murah, Hemat biaya karena tujuan tdk cuma 1tempat",1,2,1,3,5,5,5,5,4,4,1,3,3,2,4,3,3,3,3,3,4,4,4,3,3,4
36 - 45 Tahun,3,Laki-laki,1,ASN/TNI/Polri,S1,5 – 8 Juta,Memiliki,Belum,2,1 – 4x sebulan,Jakarta dan sekitarnya,Pendidikan,"Kawasan Malioboro, Godean","Kendaraan Sewa/ Transportasi  (Gojek, Grab, Taxi, dll)",Menggunakan Aplikasi (Gojek/ Grab/ lainnya),"Waktu lebih singkat, Biaya Murah, Kenyamanan, Kemudahan",2,2,3,4,5,5,3,4,3,4,4,3,2,3,4,4,4,4,4,3,4,3,3,3,3,4
36 - 45 Tahun,3,Laki-laki,1,Pelajar/Mahasiswa,S1,"< 1,9 Juta",Memiliki,Pernah,1,1 – 6 x setahun,Jakarta dan sekitarnya,Wisata/ Rekreasi/ Kuliner,Hotel/ Penginapan,"Kendaraan Sewa/ Transportasi  (Gojek, Grab, Taxi, dll)",Menggunakan Aplikasi (Gojek/ Grab/ lainnya),"Waktu lebih singkat, Biaya Murah, Kemudahan",2,4,4,5,5,5,5,3,5,5,5,5,4,4,5,5,5,5,5,5,5,5,3,3,4,5
36 - 45 Tahun,3,Perempuan,2,Pelajar/Mahasiswa,S1,2 – 5 Juta,Memiliki,Belum,2,7 – 12x setahun,Jawa Tengah,Pendidikan,"Kawasan Malioboro, Area Tugu Yogyakarta (Pasar Kranggan, dll), UGM",Kendaraan Pribadi (Parkir di Stasiun/ Dijemput),Berjalan Kaki,"Waktu lebih singkat, Biaya Murah, Kesehatan, Ramah Lingkungan, Kemudahan",2,2,4,4,5,5,5,5,4,4,4,5,4,5,5,5,5,5,5,5,5,5,5,4,4,4
36 - 45 Tahun,3,Laki-laki,1,ASN/TNI/Polri,S1,> 8 Juta,Memiliki,Pernah,1,1 – 6 x setahun,Jakarta dan sekitarnya,Pendidikan,"Kawasan Malioboro, Hotel/ Penginapan, Area Tugu Yogyakarta (Pasar Kranggan, dll)","Kendaraan Sewa/ Transportasi  (Gojek, Grab, Taxi, dll)",Menggunakan Aplikasi (Gojek/ Grab/ lainnya),"Keamanan, Kenyamanan, Kemudahan",3,4,3,4,4,4,3,3,5,5,5,5,5,4,4,4,4,5,5,5,5,5,5,5,5,4
36 - 45 Tahun,3,Laki-laki,1,ASN/TNI/Polri,S1,> 8 Juta,Memiliki,Belum,2,1 – 4x sebulan,Jakarta dan sekitarnya,Pendidikan,KOTABARU,Kendaraan Pribadi (Parkir di Stasiun/ Dijemput),Berjalan Kaki,"Waktu lebih singkat, Biaya Murah, Keamanan, Kenyamanan, Kemudahan",3,2,2,4,5,5,5,5,5,5,5,4,4,4,5,5,5,5,5,5,4,4,5,5,3,5
36 - 45 Tahun,3,Perempuan,2,Swasta/Karyawan/BUMN/BUMD,S1,2 – 5 Juta,Memiliki,Belum,2,1 – 6 x setahun,Solo Raya,Wisata/ Rekreasi/ Kuliner,Universitas Sanata Dharma,"Kendaraan Sewa/ Transportasi  (Gojek, Grab, Taxi, dll)",Menggunakan Aplikasi (Gojek/ Grab/ lainnya),"Waktu lebih singkat, Keamanan, Kenyamanan, Kemudahan",2,4,2,4,2,2,4,2,3,4,4,5,4,3,4,4,4,4,4,4,4,4,4,4,4,5
12 - 25 Tahun,1,Perempuan,2,Pelajar/Mahasiswa,S1,"< 1,9 Juta",Memiliki,Belum,2,1 – 6 x setahun,Jawa Barat,Pendidikan,Kos,"Kendaraan Sewa/ Transportasi  (Gojek, Grab, Taxi, dll)",Berjalan Kaki,"Waktu lebih singkat, Biaya Murah, Kemudahan",2,3,4,2,4,4,4,4,4,4,4,3,3,3,4,4,5,5,5,5,5,4,4,3,3,3
46 - 54 Tahun,4,Perempuan,2,Pensiunan,SMA/ SMK,2 – 5 Juta,Tidak Memiliki,Belum,2,1 – 6 x setahun,Solo Raya,Wisata/ Rekreasi/ Kuliner,"Kawasan Malioboro, Pasar Beringharjo",Berjalan Kaki,Berjalan Kaki,Kesehatan,3,3,3,3,3,3,3,3,3,3,3,3,3,3,3,3,3,3,3,3,3,3,2,1,1,4
12 - 25 Tahun,1,Laki-laki,1,Swasta/Karyawan/BUMN/BUMD,S1,2 – 5 Juta,Memiliki,Belum,2,1 – 6 x setahun,Jakarta dan sekitarnya,Wisata/ Rekreasi/ Kuliner,Rumah Gamping,Kendaraan Pribadi (Parkir di Stasiun/ Dijemput),"Telpon/ WA/ SMS, lainnya","Keamanan, Kenyamanan, Kemudahan",2,4,4,2,5,5,5,4,3,3,4,3,3,3,4,4,4,4,4,4,4,3,3,4,3,5
36 - 45 Tahun,3,Laki-laki,1,ASN/TNI/Polri,S1,2 – 5 Juta,Memiliki,Belum,2,1 – 6 x setahun,Solo Raya,Bekerja,"Kawasan Malioboro, Area Tugu Yogyakarta (Pasar Kranggan, dll)","Kendaraan Sewa/ Transportasi  (Gojek, Grab, Taxi, dll)",Menggunakan Aplikasi (Gojek/ Grab/ lainnya),"Waktu lebih singkat, Biaya Murah, Kemudahan",4,3,4,4,5,5,5,3,4,4,4,4,4,4,4,4,4,4,4,4,4,4,4,4,4,5
36 - 45 Tahun,3,Perempuan,2,ASN/TNI/Polri,S2,2 – 5 Juta,Tidak Memiliki,Pernah,1,1 – 6 x setahun,Jakarta dan sekitarnya,Bekerja,"Kawasan Malioboro, Area Keraton Yogyakarta, Area Tugu Yogyakarta (Pasar Kranggan, dll), Pasar Beringharjo, Hotel/ Penginapan","Kendaraan Sewa/ Transportasi  (Gojek, Grab, Taxi, dll)",Menggunakan Aplikasi (Gojek/ Grab/ lainnya),"Waktu lebih singkat, Biaya Murah, Keamanan",2,4,2,4,5,5,5,4,3,4,3,5,3,3,4,4,4,4,4,5,5,5,3,3,3,5
36 - 45 Tahun,3,Perempuan,2,ASN/TNI/Polri,S1,2 – 5 Juta,Memiliki,Belum,2,1 – 6 x setahun,Solo Raya,Wisata/ Rekreasi/ Kuliner,"Kawasan Malioboro, Hotel/ Penginapan, Pantai","Kendaraan Sewa/ Transportasi  (Gojek, Grab, Taxi, dll)",Menggunakan Aplikasi (Gojek/ Grab/ lainnya),"Waktu lebih singkat, Biaya Murah, Keamanan, Kesehatan, Kenyamanan, Kemudahan",4,4,4,4,4,4,3,2,4,4,4,4,4,4,4,4,4,4,4,4,4,4,4,4,4,5
36 - 45 Tahun,3,Laki-laki,1,Swasta/Karyawan/BUMN/BUMD,S1,2 – 5 Juta,Memiliki,Pernah,1,1 – 4x sebulan,Solo Raya,Wisata/ Rekreasi/ Kuliner,Kawasan Malioboro,Berjalan Kaki,Berjalan Kaki,Ramah Lingkungan,5,5,3,5,3,3,4,2,5,5,5,5,5,5,5,4,5,5,5,5,5,4,5,5,5,5
36 - 45 Tahun,3,Perempuan,2,Swasta/Karyawan/BUMN/BUMD,S1,2 – 5 Juta,Memiliki,Belum,2,7 – 12x setahun,Solo Raya,Wisata/ Rekreasi/ Kuliner,"Kawasan Malioboro, Area Tugu Yogyakarta (Pasar Kranggan, dll)",Berjalan Kaki,Berjalan Kaki,"Ramah Lingkungan, Pengalaman menarik, Kemudahan",5,5,5,5,3,3,2,1,4,4,4,5,5,5,5,5,5,5,5,5,4,4,4,4,4,5
36 - 45 Tahun,3,Laki-laki,1,Swasta/Karyawan/BUMN/BUMD,SMA/ SMK,"< 1,9 Juta",Memiliki,Belum,2,1 – 6 x setahun,Solo Raya,Wisata/ Rekreasi/ Kuliner,Kawasan Malioboro,Berjalan Kaki,Berjalan Kaki,Kenyamanan,4,3,4,4,2,4,3,3,4,4,4,4,4,4,4,4,4,4,4,4,4,4,4,4,4,4
12 - 25 Tahun,1,Laki-laki,1,Pegawai Lepas/ Kontrak,SMA/ SMK,"< 1,9 Juta",Memiliki,Belum,2,1 – 6 x setahun,Solo Raya,Wisata/ Rekreasi/ Kuliner,"Kawasan Malioboro, Area Keraton Yogyakarta, Pasar Beringharjo","Kendaraan Sewa/ Transportasi  (Gojek, Grab, Taxi, dll)",Menggunakan Aplikasi (Gojek/ Grab/ lainnya),"Waktu lebih singkat, Keamanan, Kenyamanan, Kemudahan",4,3,4,4,4,4,3,3,4,4,3,3,3,3,5,3,4,4,4,4,5,4,4,3,3,5
36 - 45 Tahun,3,Perempuan,2,ASN/TNI/Polri,D1 / D2/ D3,2 – 5 Juta,Memiliki,Belum,2,1 – 6 x setahun,Solo Raya,Wisata/ Rekreasi/ Kuliner,Kawasan Malioboro,"Angkutan Umum (Bus Trans Jogja, Damri, dll)",Berjalan Kaki,"Biaya Murah, Kesehatan, Ramah Lingkungan, Kenyamanan",4,3,3,4,4,4,2,4,3,4,4,4,3,3,5,5,5,5,5,5,5,5,5,4,4,5
12 - 25 Tahun,1,Laki-laki,1,Pelajar/Mahasiswa,S1,"< 1,9 Juta",Memiliki,Belum,2,1 – 6 x setahun,Jawa Tengah,Pendidikan,"Kasihan, Bantul","Kendaraan Sewa/ Transportasi  (Gojek, Grab, Taxi, dll)",Menggunakan Aplikasi (Gojek/ Grab/ lainnya),"Waktu lebih singkat, Kemudahan",2,1,3,4,5,5,5,5,1,1,3,2,2,2,5,5,5,5,5,5,4,5,3,3,3,5
36 - 45 Tahun,3,Perempuan,2,Swasta/Karyawan/BUMN/BUMD,S1,5 – 8 Juta,Memiliki,Belum,2,1 – 6 x setahun,Jakarta dan sekitarnya,Mengunjungi Keluarga,"Hotel/ Penginapan, Area Tugu Yogyakarta (Pasar Kranggan, dll)","Kendaraan Sewa/ Transportasi  (Gojek, Grab, Taxi, dll)",Menggunakan Aplikasi (Gojek/ Grab/ lainnya),"Waktu lebih singkat, Biaya Murah, Keamanan, Kenyamanan, Kemudahan",4,4,4,2,3,4,3,3,3,3,3,2,2,2,4,4,4,4,4,4,4,4,4,4,4,4
12 - 25 Tahun,1,Laki-laki,1,Pelajar/Mahasiswa,SMA/ SMK,"< 1,9 Juta",Memiliki,Belum,2,1 – 6 x setahun,Jawa Tengah,Pendidikan,Kawasan Malioboro,Kendaraan Pribadi (Parkir di Stasiun/ Dijemput),"Telpon/ WA/ SMS, lainnya","Biaya Murah, Keamanan, Kenyamanan",2,3,3,2,4,3,5,3,4,4,5,5,3,3,5,5,5,4,5,5,5,5,5,3,3,4
12 - 25 Tahun,1,Laki-laki,1,Pelajar/Mahasiswa,SMA/ SMK,"< 1,9 Juta",Tidak Memiliki,Belum,2,1 – 6 x setahun,Jawa Tengah,Wisata/ Rekreasi/ Kuliner,Hotel/ Penginapan,"Kendaraan Sewa/ Transportasi  (Gojek, Grab, Taxi, dll)",Menggunakan Aplikasi (Gojek/ Grab/ lainnya),"Waktu lebih singkat, Biaya Murah, Kemudahan",3,4,3,3,3,2,3,2,4,4,4,3,3,3,3,3,3,3,3,3,3,3,4,3,3,3
36 - 45 Tahun,3,Laki-laki,1,ASN/TNI/Polri,S1,> 8 Juta,Memiliki,Pernah,1,1 – 6 x setahun,Jawa Tengah,Pendidikan,Hotel/ Penginapan,"Kendaraan Sewa/ Transportasi  (Gojek, Grab, Taxi, dll)",Menggunakan Aplikasi (Gojek/ Grab/ lainnya),"Waktu lebih singkat, Biaya Murah, Kenyamanan, Kemudahan",1,1,1,5,5,5,5,5,4,4,4,4,2,3,5,5,5,5,5,5,5,5,4,4,3,4
36 - 45 Tahun,3,Laki-laki,1,Pelajar/Mahasiswa,S1,5 – 8 Juta,Memiliki,Belum,2,1 – 6 x setahun,Jawa Timur,Pendidikan,Mantrijeron ,"Kendaraan Sewa/ Transportasi  (Gojek, Grab, Taxi, dll)",Menggunakan Aplikasi (Gojek/ Grab/ lainnya),"Biaya Murah, Kemudahan",3,3,3,5,5,5,4,3,4,4,4,3,3,3,4,4,4,4,4,4,4,4,4,3,3,4
36 - 45 Tahun,3,Perempuan,2,Swasta/Karyawan/BUMN/BUMD,D1 / D2/ D3,"< 1,9 Juta",Memiliki,Belum,2,2 - 7x seminggu,Solo Raya,"Periksa gigi, dan mengunjungi keluarga ","Kawasan Malioboro, Rumah sakit gigi","Kendaraan Sewa/ Transportasi  (Gojek, Grab, Taxi, dll)",Menggunakan Aplikasi (Gojek/ Grab/ lainnya),"Waktu lebih singkat, Biaya Murah, Keamanan, Kemudahan",3,4,5,5,3,3,3,3,3,3,4,4,4,3,3,3,3,3,3,4,3,4,4,3,3,4
36 - 45 Tahun,3,Laki-laki,1,Swasta/Karyawan/BUMN/BUMD,S2,> 8 Juta,Memiliki,Belum,2,7 – 12x setahun,Solo Raya,Wisata/ Rekreasi/ Kuliner,Kawasan Malioboro,"Kendaraan Sewa/ Transportasi  (Gojek, Grab, Taxi, dll)",Menggunakan Aplikasi (Gojek/ Grab/ lainnya),"Waktu lebih singkat, Kemudahan",1,1,2,3,5,5,5,5,3,3,3,1,1,1,4,4,3,3,3,3,3,3,3,3,3,3
36 - 45 Tahun,3,Laki-laki,1,Pensiunan,SMA/ SMK,"< 1,9 Juta",Memiliki,Belum,2,1 – 4x sebulan,Solo Raya,Wisata/ Rekreasi/ Kuliner,"Kawasan Malioboro, Hotel/ Penginapan, Area Keraton Yogyakarta","Kendaraan Sewa/ Transportasi  (Gojek, Grab, Taxi, dll)",Menggunakan Aplikasi (Gojek/ Grab/ lainnya),"Waktu lebih singkat, Kenyamanan, Kemudahan",5,3,2,5,2,4,2,3,4,3,4,2,4,3,4,3,2,5,4,4,5,4,4,4,5,4
36 - 45 Tahun,3,Perempuan,2,ASN/TNI/Polri,S2,5 – 8 Juta,Memiliki,Belum,2,1 – 6 x setahun,Solo Raya,Wisata/ Rekreasi/ Kuliner,Kawasan Malioboro,Berjalan Kaki,Berjalan Kaki,Pengalaman menarik,3,2,3,4,5,5,4,5,4,4,4,5,3,5,5,5,5,4,4,5,5,4,4,4,3,5
12 - 25 Tahun,1,Laki-laki,1,Pelajar/Mahasiswa,D1 / D2/ D3,"< 1,9 Juta",Memiliki,Pernah,1,1 – 6 x setahun,Solo Raya,Wisata/ Rekreasi/ Kuliner,"Kawasan Malioboro, Area Keraton Yogyakarta, Area Tugu Yogyakarta (Pasar Kranggan, dll), Pasar Beringharjo",Berjalan Kaki,Berjalan Kaki,"Pengalaman menarik, Kemudahan",2,3,2,5,2,2,2,2,5,5,5,5,5,5,5,5,4,5,5,5,5,5,5,4,5,5
36 - 45 Tahun,3,Laki-laki,1,Swasta/Karyawan/BUMN/BUMD,S3,5 – 8 Juta,Memiliki,Pernah,1,2 - 7x seminggu,Jakarta dan sekitarnya,Bekerja,Hotel/ Penginapan,"Kendaraan Sewa/ Transportasi  (Gojek, Grab, Taxi, dll)",Berjalan Kaki,"Biaya Murah, Kemudahan",3,1,2,2,4,3,3,3,2,2,2,2,3,3,3,3,3,3,3,3,3,3,3,3,3,3
12 - 25 Tahun,1,Laki-laki,1,Pelajar/Mahasiswa,D1 / D2/ D3,"< 1,9 Juta",Memiliki,Belum,2,1 – 6 x setahun,Jawa Barat,Mengunjungi Keluarga,"Area Tugu Yogyakarta (Pasar Kranggan, dll)",Kendaraan Pribadi (Parkir di Stasiun/ Dijemput),Berjalan Kaki,"Waktu lebih singkat, Biaya Murah",1,1,2,2,3,3,3,1,5,5,5,4,4,4,4,4,5,4,4,5,5,5,5,5,5,5
36 - 45 Tahun,3,Perempuan,2,ASN/TNI/Polri,S2,> 8 Juta,Memiliki,Belum,2,1 – 6 x setahun,Solo Raya,Wisata/ Rekreasi/ Kuliner,Hotel/ Penginapan,"Kendaraan Sewa/ Transportasi  (Gojek, Grab, Taxi, dll)",Berjalan Kaki,"Biaya Murah, Kenyamanan, Kemudahan",3,2,4,4,3,4,4,2,5,4,3,2,2,3,4,4,4,4,3,4,5,5,4,4,3,5
12 - 25 Tahun,1,Perempuan,2,Pelajar/Mahasiswa,SMA/ SMK,"< 1,9 Juta",Tidak Memiliki,Belum,2,1 – 4x sebulan,Jawa Tengah,Wisata/ Rekreasi/ Kuliner,"Kawasan Malioboro, Area Tugu Yogyakarta (Pasar Kranggan, dll), Pasar Beringharjo",Berjalan Kaki,Berjalan Kaki,"Biaya Murah, Ramah Lingkungan, Kemudahan",2,2,3,3,3,3,2,2,3,4,3,2,3,2,4,4,5,5,5,4,5,5,4,3,4,4
36 - 45 Tahun,3,Laki-laki,1,ASN/TNI/Polri,D1 / D2/ D3,"< 1,9 Juta",Memiliki,Belum,2,1 – 4x sebulan,Solo Raya,Wisata/ Rekreasi/ Kuliner,Kawasan Malioboro,Berjalan Kaki,Berjalan Kaki,Biaya Murah,5,1,1,1,5,1,4,3,3,2,3,2,3,3,5,4,5,4,3,3,4,2,4,2,3,5
12 - 25 Tahun,1,Laki-laki,1,ASN/TNI/Polri,D1 / D2/ D3,2 – 5 Juta,Memiliki,Pernah,1,7 – 12x setahun,Solo Raya,Wisata/ Rekreasi/ Kuliner,Kawasan Malioboro,"Angkutan Umum (Bus Trans Jogja, Damri, dll)","Angkutan Umum (Bus, dll)",Biaya Murah,4,3,4,5,4,3,3,2,4,4,4,5,4,4,4,4,4,4,4,4,4,4,4,4,4,4
12 - 25 Tahun,1,Laki-laki,1,ASN/TNI/Polri,D1 / D2/ D3,2 – 5 Juta,Memiliki,Belum,2,1 – 4x sebulan,Solo Raya,Wisata/ Rekreasi/ Kuliner,"Area Tugu Yogyakarta (Pasar Kranggan, dll)",Kendaraan Pribadi (Parkir di Stasiun/ Dijemput),"Telpon/ WA/ SMS, lainnya","Waktu lebih singkat, Biaya Murah, Kemudahan",4,3,2,2,2,2,5,3,4,4,4,4,3,3,5,5,5,5,5,5,5,5,4,4,4,4
36 - 45 Tahun,3,Laki-laki,1,ASN/TNI/Polri,D1 / D2/ D3,5 – 8 Juta,Memiliki,Belum,2,1 – 6 x setahun,Solo Raya,Wisata/ Rekreasi/ Kuliner,Hotel/ Penginapan,"Angkutan Umum (Bus Trans Jogja, Damri, dll)","Angkutan Umum (Bus, dll)",Pengalaman menarik,2,2,2,2,4,4,4,5,2,2,2,2,2,2,4,4,4,4,4,4,4,4,4,3,2,4
36 - 45 Tahun,3,Laki-laki,1,ASN/TNI/Polri,S2,> 8 Juta,Memiliki,Belum,2,1 – 6 x setahun,Jawa Tengah,Bekerja,Hotel/ Penginapan,"Kendaraan Sewa/ Transportasi  (Gojek, Grab, Taxi, dll)",Menggunakan Aplikasi (Gojek/ Grab/ lainnya),"Waktu lebih singkat, Kenyamanan, Kemudahan",3,3,4,4,5,5,4,2,3,3,3,4,3,3,4,4,3,4,4,3,3,1,2,3,3,3
12 - 25 Tahun,1,Laki-laki,1,Pelajar/Mahasiswa,SMA/ SMK,"< 1,9 Juta",Tidak Memiliki,Belum,2,1 – 6 x setahun,Solo Raya,Wisata/ Rekreasi/ Kuliner,"Kawasan Malioboro, Area Tugu Yogyakarta (Pasar Kranggan, dll)","Kendaraan Sewa/ Transportasi  (Gojek, Grab, Taxi, dll)",Menggunakan kendaraan lain,Biaya Murah,4,4,5,5,2,1,2,2,4,4,4,4,4,4,4,4,4,4,4,4,4,4,4,4,4,4
36 - 45 Tahun,3,Perempuan,2,Swasta/Karyawan/BUMN/BUMD,S2,> 8 Juta,Memiliki,Pernah,1,1 – 6 x setahun,Jakarta dan sekitarnya,Wisata/ Rekreasi/ Kuliner,Kawasan Malioboro,"Kendaraan Sewa/ Transportasi  (Gojek, Grab, Taxi, dll)",Menggunakan Aplikasi (Gojek/ Grab/ lainnya),Kemudahan,3,4,4,4,4,4,4,2,4,5,4,3,3,4,5,5,5,5,5,5,5,5,5,5,4,4
36 - 45 Tahun,3,Laki-laki,1,Pelajar/Mahasiswa,S1,2 – 5 Juta,Memiliki,Pernah,1,1 – 4x sebulan,Solo Raya,Wisata/ Rekreasi/ Kuliner,"Kawasan Malioboro, Area Tugu Yogyakarta (Pasar Kranggan, dll), Pasar Beringharjo",Kendaraan Pribadi (Parkir di Stasiun/ Dijemput),Berjalan Kaki,"Waktu lebih singkat, Biaya Murah, Kenyamanan, Kemudahan",2,3,2,5,5,3,5,5,4,4,4,4,3,4,5,4,4,4,4,4,5,5,4,4,4,4
36 - 45 Tahun,3,Laki-laki,1,ASN/TNI/Polri,S1,> 8 Juta,Memiliki,Pernah,1,1 – 6 x setahun,Jakarta dan sekitarnya,Wisata/ Rekreasi/ Kuliner,Kawasan Malioboro,"Kendaraan Sewa/ Transportasi  (Gojek, Grab, Taxi, dll)",Menggunakan Aplikasi (Gojek/ Grab/ lainnya),Waktu lebih singkat,2,2,2,4,4,4,4,3,3,5,4,5,4,4,3,3,4,4,4,4,4,3,3,3,3,4
36 - 45 Tahun,3,Laki-laki,1,ASN/TNI/Polri,S1,5 – 8 Juta,Memiliki,Pernah,1,1 – 6 x setahun,Jakarta dan sekitarnya,Bekerja,Kawasan Malioboro,"Kendaraan Sewa/ Transportasi  (Gojek, Grab, Taxi, dll)",Menggunakan Aplikasi (Gojek/ Grab/ lainnya),Biaya Murah,3,3,3,3,4,4,1,1,3,3,3,5,3,3,5,5,5,5,5,5,5,5,3,3,3,4
36 - 45 Tahun,3,Laki-laki,1,Swasta/Karyawan/BUMN/BUMD,SMA/ SMK,"< 1,9 Juta",Tidak Memiliki,Belum,2,1 – 6 x setahun,Jakarta dan sekitarnya,Mengunjungi Keluarga,"Kawasan Malioboro, Hotel/ Penginapan","Kendaraan Sewa/ Transportasi  (Gojek, Grab, Taxi, dll)",Menggunakan Aplikasi (Gojek/ Grab/ lainnya),Waktu lebih singkat,4,4,4,4,3,3,3,3,4,4,4,3,3,3,4,4,4,4,4,4,4,4,4,4,3,4
36 - 45 Tahun,3,Perempuan,2,Swasta/Karyawan/BUMN/BUMD,D1 / D2/ D3,5 – 8 Juta,Memiliki,Belum,2,1 – 6 x setahun,Jakarta dan sekitarnya,Mengunjungi Keluarga,Bantul,Kendaraan Pribadi (Parkir di Stasiun/ Dijemput),"Telpon/ WA/ SMS, lainnya","Waktu lebih singkat, Biaya Murah, Keamanan, Kenyamanan, Kemudahan",2,3,3,5,4,4,4,3,3,3,3,5,3,3,5,5,4,5,5,5,5,5,4,3,3,4
36 - 45 Tahun,3,Perempuan,2,Tidak/  Belum Bekerja,S1,"< 1,9 Juta",Memiliki,Belum,2,1 – 6 x setahun,Jawa Timur,Mengunjungi Keluarga,"Kawasan Malioboro, Hotel/ Penginapan, Area Keraton Yogyakarta, Area Tugu Yogyakarta (Pasar Kranggan, dll), Pasar Beringharjo",Kendaraan Pribadi (Parkir di Stasiun/ Dijemput),"Telpon/ WA/ SMS, lainnya","Waktu lebih singkat, Kesehatan, Kenyamanan, Kemudahan",4,4,5,5,4,4,2,1,4,5,4,4,4,4,4,4,4,4,4,4,4,4,4,4,4,4
36 - 45 Tahun,3,Laki-laki,1,Swasta/Karyawan/BUMN/BUMD,D1 / D2/ D3,2 – 5 Juta,Memiliki,Belum,2,1 – 6 x setahun,Jakarta dan sekitarnya,Pulang ke rumah,Bantul,Kendaraan Pribadi (Parkir di Stasiun/ Dijemput),"Telpon/ WA/ SMS, lainnya",Waktu lebih singkat,3,3,3,5,3,3,3,2,3,3,3,3,3,3,3,3,4,5,5,5,5,5,5,5,3,4
36 - 45 Tahun,3,Laki-laki,1,Swasta/Karyawan/BUMN/BUMD,S2,5 – 8 Juta,Memiliki,Belum,2,1 – 6 x setahun,Jawa Barat,Mengunjungi Keluarga,"Kawasan Malioboro, Hotel/ Penginapan, Pasar Beringharjo","Kendaraan Sewa/ Transportasi  (Gojek, Grab, Taxi, dll)",Berjalan Kaki,"Waktu lebih singkat, Biaya Murah, Keamanan, Kesehatan, Pengalaman menarik, Kenyamanan, Kemudahan",4,4,3,3,4,4,4,3,3,3,3,3,3,3,5,5,5,5,5,5,5,5,5,5,5,5
36 - 45 Tahun,3,Perempuan,2,IRT,S1,5 – 8 Juta,Memiliki,Pernah,1,1 – 6 x setahun,Jakarta dan sekitarnya,Bekerja,Hotel/ Penginapan,"Kendaraan Sewa/ Transportasi  (Gojek, Grab, Taxi, dll)",Menggunakan Aplikasi (Gojek/ Grab/ lainnya),"Biaya Murah, Kemudahan",3,4,3,3,4,4,4,3,4,4,3,4,3,4,4,4,4,4,4,4,5,5,5,5,4,5
36 - 45 Tahun,3,Laki-laki,1,ASN/TNI/Polri,D1 / D2/ D3,5 – 8 Juta,Memiliki,Belum,2,7 – 12x setahun,Solo Raya,Wisata/ Rekreasi/ Kuliner,"Kawasan Malioboro, Hotel/ Penginapan, Area Tugu Yogyakarta (Pasar Kranggan, dll)","Angkutan Umum (Bus Trans Jogja, Damri, dll)",Berjalan Kaki,Biaya Murah,1,5,3,5,1,1,3,1,3,5,3,4,3,3,5,5,5,5,5,5,5,5,5,5,5,5
36 - 45 Tahun,3,Laki-laki,1,Swasta/Karyawan/BUMN/BUMD,SMA/ SMK,2 – 5 Juta,Memiliki,Belum,2,2 - 7x seminggu,Jawa Tengah,Bekerja,"Area Tugu Yogyakarta (Pasar Kranggan, dll)",Kendaraan Pribadi (Parkir di Stasiun/ Dijemput),"Telpon/ WA/ SMS, lainnya",Waktu lebih singkat,5,4,5,4,4,5,4,2,4,5,3,5,4,5,5,5,5,5,4,5,5,4,5,5,4,5
36 - 45 Tahun,3,Laki-laki,1,ASN/TNI/Polri,S1,> 8 Juta,Memiliki,Belum,2,1 – 6 x setahun,Jakarta dan sekitarnya,Bekerja,"Kawasan Malioboro, Hotel/ Penginapan","Kendaraan Sewa/ Transportasi  (Gojek, Grab, Taxi, dll)",Menggunakan Aplikasi (Gojek/ Grab/ lainnya),"Waktu lebih singkat, Biaya Murah",3,4,2,4,5,5,5,4,4,4,4,4,4,4,5,4,4,4,4,5,5,5,4,4,4,4
36 - 45 Tahun,3,Laki-laki,1,Pelajar/Mahasiswa,S1,2 – 5 Juta,Memiliki,Belum,2,7 – 12x setahun,Solo Raya,Pendidikan,Kos,"Kendaraan Sewa/ Transportasi  (Gojek, Grab, Taxi, dll)",Menggunakan Aplikasi (Gojek/ Grab/ lainnya),Kemudahan,5,3,3,4,3,3,3,3,3,3,3,4,4,3,4,4,4,3,4,4,4,4,4,4,4,4
36 - 45 Tahun,3,Perempuan,2,ASN/TNI/Polri,S2,5 – 8 Juta,Memiliki,Pernah,1,1 – 6 x setahun,Solo Raya,Wisata/ Rekreasi/ Kuliner,Kawasan Malioboro,Berjalan Kaki,Berjalan Kaki,"Biaya Murah, Ramah Lingkungan, Pengalaman menarik",5,4,5,5,3,3,3,4,5,5,5,3,3,4,4,5,5,4,4,5,5,5,5,5,5,5
36 - 45 Tahun,3,Laki-laki,1,ASN/TNI/Polri,S1,5 – 8 Juta,Memiliki,Belum,2,1 – 6 x setahun,Jakarta dan sekitarnya,Mengunjungi Keluarga,Area Keraton Yogyakarta,"Kendaraan Sewa/ Transportasi  (Gojek, Grab, Taxi, dll)",Berjalan Kaki,Kenyamanan,2,2,4,4,4,4,4,4,2,3,3,5,2,2,4,4,4,4,4,4,3,3,3,3,3,4
36 - 45 Tahun,3,Laki-laki,1,Swasta/Karyawan/BUMN/BUMD,S2,> 8 Juta,Memiliki,Belum,2,1 – 6 x setahun,Jakarta dan sekitarnya,Wisata/ Rekreasi/ Kuliner,"Kawasan Malioboro, Hotel/ Penginapan, Area Keraton Yogyakarta, Area Tugu Yogyakarta (Pasar Kranggan, dll), Pasar Beringharjo","Kendaraan Sewa/ Transportasi  (Gojek, Grab, Taxi, dll)",Menggunakan Aplikasi (Gojek/ Grab/ lainnya),"Waktu lebih singkat, Biaya Murah, Keamanan",4,4,5,5,3,3,3,4,4,4,4,4,3,4,5,5,5,5,5,5,5,5,5,5,5,5
36 - 45 Tahun,3,Perempuan,2,Swasta/Karyawan/BUMN/BUMD,S1,5 – 8 Juta,Memiliki,Pernah,1,1 – 6 x setahun,Jawa Timur,Wisata/ Rekreasi/ Kuliner,"Kawasan Malioboro, Hotel/ Penginapan","Kendaraan Sewa/ Transportasi  (Gojek, Grab, Taxi, dll)",Menggunakan Aplikasi (Gojek/ Grab/ lainnya),"Waktu lebih singkat, Biaya Murah",4,4,3,5,4,3,2,2,4,4,4,4,3,4,5,5,4,5,5,5,5,5,4,4,4,5
36 - 45 Tahun,3,Perempuan,2,Swasta/Karyawan/BUMN/BUMD,D1 / D2/ D3,> 8 Juta,Memiliki,Belum,2,1 – 6 x setahun,Jawa Barat,Wisata/ Rekreasi/ Kuliner,"Kawasan Malioboro, Hotel/ Penginapan, Area Tugu Yogyakarta (Pasar Kranggan, dll)","Angkutan Umum (Bus Trans Jogja, Damri, dll)",Berjalan Kaki,Pengalaman menarik,3,3,2,2,4,4,3,4,3,3,3,4,3,3,5,5,5,5,5,5,5,5,4,4,3,5
36 - 45 Tahun,3,Perempuan,2,Swasta/Karyawan/BUMN/BUMD,D1 / D2/ D3,> 8 Juta,Memiliki,Belum,2,1 – 6 x setahun,Jawa Tengah,Wisata/ Rekreasi/ Kuliner,Hotel/ Penginapan,"Kendaraan Sewa/ Transportasi  (Gojek, Grab, Taxi, dll)",Menggunakan Aplikasi (Gojek/ Grab/ lainnya),Kemudahan,3,3,3,3,3,3,2,2,2,4,2,3,3,3,3,4,4,4,4,3,3,3,3,4,3,3
46 - 54 Tahun,4,Laki-laki,1,Swasta/Karyawan/BUMN/BUMD,S1,5 – 8 Juta,Memiliki,Pernah,1,1 – 6 x setahun,Jawa Barat,Mengunjungi Keluarga,"Kawasan Malioboro, Hotel/ Penginapan, Area Tugu Yogyakarta (Pasar Kranggan, dll), Pasar Beringharjo","Kendaraan Sewa/ Transportasi  (Gojek, Grab, Taxi, dll)",Menggunakan Aplikasi (Gojek/ Grab/ lainnya),Kemudahan,1,5,5,5,3,3,5,3,5,5,5,5,5,5,5,5,5,5,5,5,5,5,5,5,5,5
12 - 25 Tahun,1,Laki-laki,1,Pelajar/Mahasiswa,SMA/ SMK,"< 1,9 Juta",Memiliki,Pernah,1,2 - 7x seminggu,Jawa Barat,Pendidikan,Kost/ Mlati/ Sleman,Kendaraan Pribadi (Parkir di Stasiun/ Dijemput),"Telpon/ WA/ SMS, lainnya","Waktu lebih singkat, Biaya Murah, Keamanan, Kenyamanan, Kemudahan",2,3,3,4,3,3,3,1,5,5,5,5,5,3,5,5,5,5,5,5,5,5,5,5,3,3
36 - 45 Tahun,3,Laki-laki,1,Swasta/Karyawan/BUMN/BUMD,S1,5 – 8 Juta,Tidak Memiliki,Belum,2,7 – 12x setahun,Jakarta dan sekitarnya,Wisata/ Rekreasi/ Kuliner,"Kawasan Malioboro, Hotel/ Penginapan, Area Keraton Yogyakarta, Area Tugu Yogyakarta (Pasar Kranggan, dll), Pasar Beringharjo","Kendaraan Sewa/ Transportasi  (Gojek, Grab, Taxi, dll)",Menggunakan Aplikasi (Gojek/ Grab/ lainnya),Biaya Murah,4,4,4,4,3,3,3,2,4,5,5,4,5,4,4,5,4,4,5,5,5,5,5,4,5,5
36 - 45 Tahun,3,Perempuan,2,Swasta/Karyawan/BUMN/BUMD,S1,2 – 5 Juta,Memiliki,Belum,2,1 – 4x sebulan,Jakarta dan sekitarnya,Wisata/ Rekreasi/ Kuliner,Kawasan Malioboro,"Angkutan Umum (Bus Trans Jogja, Damri, dll)",Berjalan Kaki,Biaya Murah,2,2,2,2,5,5,5,5,1,1,2,2,2,2,2,2,2,2,2,2,2,2,2,2,2,2
36 - 45 Tahun,3,Perempuan,2,Swasta/Karyawan/BUMN/BUMD,S1,2 – 5 Juta,Memiliki,Pernah,1,1 – 6 x setahun,Jakarta dan sekitarnya,Bekerja,"Kawasan Malioboro, Hotel/ Penginapan","Kendaraan Sewa/ Transportasi  (Gojek, Grab, Taxi, dll)",Menggunakan Aplikasi (Gojek/ Grab/ lainnya),"Waktu lebih singkat, Biaya Murah, Keamanan, Kenyamanan, Kemudahan",4,4,4,4,5,4,4,2,4,5,5,5,5,4,5,5,5,5,5,5,5,5,5,5,5,4
36 - 45 Tahun,3,Laki-laki,1,ASN/TNI/Polri,S1,5 – 8 Juta,Memiliki,Belum,2,1 – 6 x setahun,Jakarta dan sekitarnya,Bekerja,Hotel/ Penginapan,"Kendaraan Sewa/ Transportasi  (Gojek, Grab, Taxi, dll)",Menggunakan Aplikasi (Gojek/ Grab/ lainnya),Kemudahan,2,2,4,4,5,5,4,5,4,3,4,5,3,3,5,5,5,4,4,4,5,5,4,4,4,5
36 - 45 Tahun,3,Perempuan,2,ASN/TNI/Polri,S1,5 – 8 Juta,Memiliki,Belum,2,1 – 6 x setahun,Jakarta dan sekitarnya,Wisata/ Rekreasi/ Kuliner,Kawasan Malioboro,"Kendaraan Sewa/ Transportasi  (Gojek, Grab, Taxi, dll)",Menggunakan Aplikasi (Gojek/ Grab/ lainnya),Kemudahan,4,4,4,4,3,3,2,2,5,5,5,4,4,4,5,5,5,5,5,5,5,5,5,5,5,3
36 - 45 Tahun,3,Laki-laki,1,Swasta/Karyawan/BUMN/BUMD,S1,5 – 8 Juta,Tidak Memiliki,Belum,2,1 – 6 x setahun,Jakarta dan sekitarnya,Dinas + mengunjungi keluarga,"Kawasan Malioboro, Hotel/ Penginapan, Area Tugu Yogyakarta (Pasar Kranggan, dll), Pasar Beringharjo","Kendaraan Sewa/ Transportasi  (Gojek, Grab, Taxi, dll)",Menggunakan Aplikasi (Gojek/ Grab/ lainnya),"Waktu lebih singkat, Biaya Murah, Kenyamanan",3,2,2,4,3,2,3,3,3,3,3,4,3,3,4,4,4,4,4,4,4,4,4,3,3,3
36 - 45 Tahun,3,Laki-laki,1,Swasta/Karyawan/BUMN/BUMD,D1 / D2/ D3,2 – 5 Juta,Memiliki,Belum,2,1 – 6 x setahun,Jawa Tengah,Wisata/ Rekreasi/ Kuliner,"Kawasan Malioboro, Hotel/ Penginapan, Area Keraton Yogyakarta, Area Tugu Yogyakarta (Pasar Kranggan, dll), Pasar Beringharjo, Gunung kidul","Kendaraan Sewa/ Transportasi  (Gojek, Grab, Taxi, dll)",Menggunakan Aplikasi (Gojek/ Grab/ lainnya),"Waktu lebih singkat, Keamanan, Kemudahan",5,5,5,5,5,5,4,2,4,4,4,5,5,5,4,5,5,5,5,5,5,5,5,5,5,5
36 - 45 Tahun,3,Perempuan,2,Swasta/Karyawan/BUMN/BUMD,D1 / D2/ D3,2 – 5 Juta,Memiliki,Belum,2,1 – 6 x setahun,Jakarta dan sekitarnya,Wisata/ Rekreasi/ Kuliner,"Area Tugu Yogyakarta (Pasar Kranggan, dll)","Kendaraan Sewa/ Transportasi  (Gojek, Grab, Taxi, dll)",Menggunakan Aplikasi (Gojek/ Grab/ lainnya),"Keamanan, Kenyamanan",5,4,4,4,3,3,3,4,5,5,5,5,5,5,5,5,5,5,5,5,5,5,5,4,4,5
36 - 45 Tahun,3,Perempuan,2,ASN/TNI/Polri,S1,5 – 8 Juta,Memiliki,Belum,2,1 – 6 x setahun,Jakarta dan sekitarnya,Wisata/ Rekreasi/ Kuliner,"Kawasan Malioboro, Hotel/ Penginapan","Kendaraan Sewa/ Transportasi  (Gojek, Grab, Taxi, dll)",Menggunakan Aplikasi (Gojek/ Grab/ lainnya),"Biaya Murah, Kemudahan",4,4,4,5,4,4,4,4,3,3,3,4,3,3,5,5,5,5,5,5,5,5,5,5,5,5
36 - 45 Tahun,3,Perempuan,2,ASN/TNI/Polri,S1,2 – 5 Juta,Memiliki,Pernah,1,1 – 6 x setahun,Jawa Tengah,Bekerja,Hotel/ Penginapan,"Kendaraan Sewa/ Transportasi  (Gojek, Grab, Taxi, dll)",Menggunakan Aplikasi (Gojek/ Grab/ lainnya),"Waktu lebih singkat, Keamanan, Kenyamanan, Kemudahan",5,3,3,5,2,3,3,1,5,5,4,5,5,4,5,4,3,5,4,4,5,3,3,3,3,4
36 - 45 Tahun,3,Laki-laki,1,ASN/TNI/Polri,S1,2 – 5 Juta,Memiliki,Pernah,1,1 – 6 x setahun,Jawa Tengah,Wisata/ Rekreasi/ Kuliner,"Area Tugu Yogyakarta (Pasar Kranggan, dll)","Kendaraan Sewa/ Transportasi  (Gojek, Grab, Taxi, dll)",Menggunakan Aplikasi (Gojek/ Grab/ lainnya),"Waktu lebih singkat, Biaya Murah, Kenyamanan",1,1,1,5,5,5,5,5,3,3,3,3,3,3,5,5,5,5,5,5,5,5,5,5,5,5
36 - 45 Tahun,3,Perempuan,2,ASN/TNI/Polri,S1,5 – 8 Juta,Memiliki,Belum,2,1 – 6 x setahun,Jakarta dan sekitarnya,Wisata/ Rekreasi/ Kuliner,"Kawasan Malioboro, Hotel/ Penginapan, Pasar Beringharjo","Kendaraan Sewa/ Transportasi  (Gojek, Grab, Taxi, dll)",Menggunakan Aplikasi (Gojek/ Grab/ lainnya),"Waktu lebih singkat, Kenyamanan, Kemudahan",4,4,4,5,5,4,4,3,5,5,5,5,5,5,5,5,5,5,5,5,5,4,5,5,5,5
36 - 45 Tahun,3,Laki-laki,1,ASN/TNI/Polri,S2,5 – 8 Juta,Memiliki,Belum,2,1 – 6 x setahun,Jakarta dan sekitarnya,Wisata/ Rekreasi/ Kuliner,Kawasan Malioboro,"Kendaraan Sewa/ Transportasi  (Gojek, Grab, Taxi, dll)",Berjalan Kaki,"Waktu lebih singkat, Kenyamanan, Kemudahan",5,5,5,5,5,5,5,3,5,5,5,5,5,5,5,5,5,5,5,5,5,5,5,5,5,5
26 - 35 Tahun,2,Laki-laki,1,Swasta/Karyawan/BUMN/BUMD,S2,> 8 Juta,Memiliki,Pernah,1,1 – 6 x setahun,Jakarta dan sekitarnya,Wisata/ Rekreasi/ Kuliner,"Hotel/ Penginapan, Spot wisata di kabupaten lainnya","Kendaraan Sewa/ Transportasi  (Gojek, Grab, Taxi, dll)","Telpon/ WA/ SMS, lainnya","Waktu lebih singkat, Pengalaman menarik, Kemudahan",3,4,4,4,3,4,3,2,4,4,4,4,4,3,2,4,4,4,5,5,5,4,4,4,4,5
26 - 35 Tahun,2,Laki-laki,1,ASN/TNI/Polri,D1 / D2/ D3,2 – 5 Juta,Memiliki,Belum,2,1 – 6 x setahun,Solo Raya,Wisata/ Rekreasi/ Kuliner,Kawasan Malioboro,"Kendaraan Sewa/ Transportasi  (Gojek, Grab, Taxi, dll)",Menggunakan Aplikasi (Gojek/ Grab/ lainnya),Kenyamanan,5,5,5,5,2,2,2,2,5,5,5,5,5,5,5,5,5,5,5,5,5,5,5,5,5,5
26 - 35 Tahun,2,Perempuan,2,IRT,S1,2 – 5 Juta,Memiliki,Belum,2,1 – 6 x setahun,Jakarta dan sekitarnya,Mengunjungi Keluarga,"Klaten, magelang",Kendaraan Pribadi (Parkir di Stasiun/ Dijemput),"Telpon/ WA/ SMS, lainnya","Keamanan, Kenyamanan, Kemudahan",2,2,3,3,4,5,4,4,3,3,3,3,2,3,4,4,4,4,4,4,4,4,3,3,3,4
12 - 25 Tahun,1,Laki-laki,1,Pelajar/Mahasiswa,S1,5 – 8 Juta,Memiliki,Belum,2,1 – 6 x setahun,Solo Raya,Wisata/ Rekreasi/ Kuliner,Kawasan Malioboro,Kendaraan Pribadi (Parkir di Stasiun/ Dijemput),Menggunakan kendaraan lain,"Waktu lebih singkat, Pengalaman menarik, Kemudahan",3,4,2,4,3,2,4,3,4,4,4,4,4,4,5,5,5,4,5,5,5,5,5,4,5,5
26 - 35 Tahun,2,Perempuan,2,Swasta/Karyawan/BUMN/BUMD,S1,> 8 Juta,Memiliki,Belum,2,1 – 6 x setahun,Solo Raya,Wisata/ Rekreasi/ Kuliner,"Kawasan Malioboro, Hotel/ Penginapan, Area Tugu Yogyakarta (Pasar Kranggan, dll)","Kendaraan Sewa/ Transportasi  (Gojek, Grab, Taxi, dll)",Menggunakan Aplikasi (Gojek/ Grab/ lainnya),"Waktu lebih singkat, Kenyamanan, Kemudahan",3,3,4,4,4,4,4,4,4,4,4,4,3,4,4,4,4,4,4,4,4,4,4,4,4,4
26 - 35 Tahun,2,Laki-laki,1,Tidak/  Belum Bekerja,SMA/ SMK,"< 1,9 Juta",Memiliki,Belum,2,1 – 6 x setahun,Jakarta dan sekitarnya,Mengunjungi Keluarga,Kawasan Malioboro,"Kendaraan Sewa/ Transportasi  (Gojek, Grab, Taxi, dll)",Menggunakan Aplikasi (Gojek/ Grab/ lainnya),Kemudahan,4,4,4,5,3,3,4,2,3,4,4,5,3,3,5,5,5,5,5,4,5,5,5,5,4,5
46 - 54 Tahun,4,Laki-laki,1,Swasta/Karyawan/BUMN/BUMD,S2,> 8 Juta,Memiliki,Pernah,1,1 – 6 x setahun,Jakarta dan sekitarnya,Wisata/ Rekreasi/ Kuliner,"Kawasan Malioboro, Hotel/ Penginapan, Pasar Beringharjo","Kendaraan Sewa/ Transportasi  (Gojek, Grab, Taxi, dll)",Menggunakan Aplikasi (Gojek/ Grab/ lainnya),"Waktu lebih singkat, Kemudahan",5,5,5,5,4,4,4,2,5,5,5,3,4,4,5,5,5,5,5,5,5,5,5,5,5,4
> 54 Tahun,5,Laki-laki,1,Swasta/Karyawan/BUMN/BUMD,S1,> 8 Juta,Memiliki,Pernah,1,1 – 6 x setahun,Jawa Tengah,Wisata/ Rekreasi/ Kuliner,"Kawasan Malioboro, Hotel/ Penginapan, Kaliurang, Alkid","Kendaraan Sewa/ Transportasi  (Gojek, Grab, Taxi, dll)",Menggunakan Aplikasi (Gojek/ Grab/ lainnya),"Waktu lebih singkat, Biaya Murah, Kenyamanan, Kemudahan",3,4,4,4,4,4,4,3,4,4,4,4,4,4,5,5,5,5,5,5,5,5,5,5,4,5
36 - 45 Tahun,3,Laki-laki,1,Swasta/Karyawan/BUMN/BUMD,SMA/ SMK,2 – 5 Juta,Memiliki,Belum,2,1 – 6 x setahun,Jakarta dan sekitarnya,Wisata/ Rekreasi/ Kuliner,"Kawasan Malioboro, Hotel/ Penginapan, Area Keraton Yogyakarta, Area Tugu Yogyakarta (Pasar Kranggan, dll), Pasar Beringharjo, ",Berjalan Kaki,Berjalan Kaki,"Kesehatan, Ramah Lingkungan, Pengalaman menarik, Kenyamanan, Kemudahan",2,3,3,3,4,3,3,2,3,3,3,3,3,3,4,4,4,3,5,4,4,5,4,3,3,4
26 - 35 Tahun,2,Laki-laki,1,Swasta/Karyawan/BUMN/BUMD,S1,2 – 5 Juta,Memiliki,Belum,2,1 – 6 x setahun,Jawa Timur,Wisata/ Rekreasi/ Kuliner,Kawasan Malioboro,"Kendaraan Sewa/ Transportasi  (Gojek, Grab, Taxi, dll)",Menggunakan Aplikasi (Gojek/ Grab/ lainnya),"Waktu lebih singkat, Kemudahan",3,3,5,5,2,5,5,3,3,4,4,3,2,3,4,4,4,4,4,5,4,4,3,5,3,3
26 - 35 Tahun,2,Laki-laki,1,Swasta/Karyawan/BUMN/BUMD,S1,"< 1,9 Juta",Memiliki,Pernah,1,1 – 4x sebulan,Jawa Timur,Mengunjungi Keluarga,"Kawasan Malioboro, Hotel/ Penginapan, Area Keraton Yogyakarta, Area Tugu Yogyakarta (Pasar Kranggan, dll)",Kendaraan Pribadi (Parkir di Stasiun/ Dijemput),"Telpon/ WA/ SMS, lainnya",Biaya Murah,4,5,5,5,2,2,1,1,5,5,5,4,4,5,5,4,4,4,4,4,5,4,5,4,5,4
26 - 35 Tahun,2,Laki-laki,1,Pelajar/Mahasiswa,S1,"< 1,9 Juta",Memiliki,Belum,2,1 – 6 x setahun,Jakarta dan sekitarnya,Pendidikan,"Kawasan Malioboro, Hotel/ Penginapan, Area Tugu Yogyakarta (Pasar Kranggan, dll)","Kendaraan Sewa/ Transportasi  (Gojek, Grab, Taxi, dll)",Berjalan Kaki,"Waktu lebih singkat, Kenyamanan, Kemudahan",3,4,5,5,3,2,2,2,5,4,4,4,4,4,2,4,5,5,5,4,5,5,5,5,4,5
26 - 35 Tahun,2,Laki-laki,1,ASN/TNI/Polri,S1,2 – 5 Juta,Memiliki,Belum,2,1 – 6 x setahun,Solo Raya,Wisata/ Rekreasi/ Kuliner,"Kawasan Malioboro, Area Tugu Yogyakarta (Pasar Kranggan, dll)","Kendaraan Sewa/ Transportasi  (Gojek, Grab, Taxi, dll)",Menggunakan Aplikasi (Gojek/ Grab/ lainnya),"Waktu lebih singkat, Biaya Murah",1,5,3,5,1,1,1,1,5,5,5,5,5,3,5,3,3,5,5,1,3,5,5,5,5,5
26 - 35 Tahun,2,Laki-laki,1,Pelajar/Mahasiswa,S1,2 – 5 Juta,Memiliki,Pernah,1,1 – 6 x setahun,Jawa Tengah,Pendidikan,Hotel/ Penginapan,"Kendaraan Sewa/ Transportasi  (Gojek, Grab, Taxi, dll)",Menggunakan Aplikasi (Gojek/ Grab/ lainnya),"Waktu lebih singkat, Biaya Murah, Keamanan, Kesehatan, Ramah Lingkungan, Pengalaman menarik, Kenyamanan, Kemudahan",4,4,5,5,5,5,5,5,5,5,5,5,5,5,5,5,5,5,5,5,5,5,5,5,5,5
26 - 35 Tahun,2,Perempuan,2,ASN/TNI/Polri,S1,2 – 5 Juta,Memiliki,Belum,2,1 – 6 x setahun,Solo Raya,Wisata/ Rekreasi/ Kuliner,"Kawasan Malioboro, Hotel/ Penginapan","Kendaraan Sewa/ Transportasi  (Gojek, Grab, Taxi, dll)",Menggunakan Aplikasi (Gojek/ Grab/ lainnya),"Kenyamanan, Kemudahan",3,4,4,4,4,4,3,2,4,4,3,5,3,3,4,5,4,4,5,3,5,5,4,4,4,4
26 - 35 Tahun,2,Laki-laki,1,ASN/TNI/Polri,S2,5 – 8 Juta,Memiliki,Pernah,1,1 – 6 x setahun,Jakarta dan sekitarnya,Wisata/ Rekreasi/ Kuliner,Hotel/ Penginapan,"Kendaraan Sewa/ Transportasi  (Gojek, Grab, Taxi, dll)",Menggunakan Aplikasi (Gojek/ Grab/ lainnya),"Waktu lebih singkat, Biaya Murah, Kemudahan",4,3,2,2,5,5,5,5,5,5,5,4,3,3,5,4,4,5,5,4,5,5,4,4,4,3
26 - 35 Tahun,2,Laki-laki,1,ASN/TNI/Polri,S1,5 – 8 Juta,Memiliki,Belum,2,7 – 12x setahun,Jakarta dan sekitarnya,Wisata/ Rekreasi/ Kuliner,"Kawasan Malioboro, Hotel/ Penginapan, Area Keraton Yogyakarta",Kendaraan Pribadi (Parkir di Stasiun/ Dijemput),"Telpon/ WA/ SMS, lainnya","Kenyamanan, Kemudahan",5,5,5,5,2,4,1,2,5,5,5,5,5,5,1,5,5,5,5,1,4,4,4,4,4,5
12 - 25 Tahun,1,Laki-laki,1,ASN/TNI/Polri,S1,2 – 5 Juta,Memiliki,Pernah,1,1 – 6 x setahun,Jawa Tengah,Wisata/ Rekreasi/ Kuliner,"Area Keraton Yogyakarta, Area Tugu Yogyakarta (Pasar Kranggan, dll), Gunung Kidul",Kendaraan Pribadi (Parkir di Stasiun/ Dijemput),"Telpon/ WA/ SMS, lainnya","Waktu lebih singkat, Kenyamanan, Kemudahan",4,4,4,4,3,3,3,3,4,4,4,4,4,4,5,5,5,5,5,5,5,5,5,5,5,5
26 - 35 Tahun,2,Laki-laki,1,ASN/TNI/Polri,D1 / D2/ D3,5 – 8 Juta,Memiliki,Belum,2,1 – 6 x setahun,Solo Raya,Wisata/ Rekreasi/ Kuliner,"Hotel/ Penginapan, Area Keraton Yogyakarta","Kendaraan Sewa/ Transportasi  (Gojek, Grab, Taxi, dll)",Menggunakan Aplikasi (Gojek/ Grab/ lainnya),"Biaya Murah, Kenyamanan, Kemudahan",3,4,3,4,4,4,4,3,4,4,3,4,3,4,4,4,4,4,4,4,4,4,4,4,4,4
26 - 35 Tahun,2,Perempuan,2,Pelajar/Mahasiswa,S1,5 – 8 Juta,Memiliki,Belum,2,1 – 6 x setahun,Jakarta dan sekitarnya,Pendidikan,"Area Sleman, Denggung","Kendaraan Sewa/ Transportasi  (Gojek, Grab, Taxi, dll)",Menggunakan Aplikasi (Gojek/ Grab/ lainnya),"Waktu lebih singkat, Keamanan, Kenyamanan, Kemudahan",2,3,4,4,5,5,5,4,4,4,3,4,3,3,5,4,4,4,4,5,4,4,3,3,2,4
36 - 45 Tahun,3,Laki-laki,1,ASN/TNI/Polri,S1,5 – 8 Juta,Memiliki,Belum,2,1 – 6 x setahun,Jakarta dan sekitarnya,Bekerja,Hotel/ Penginapan,"Kendaraan Sewa/ Transportasi  (Gojek, Grab, Taxi, dll)",Menggunakan Aplikasi (Gojek/ Grab/ lainnya),"Waktu lebih singkat, Biaya Murah, Kemudahan",3,3,4,4,5,5,5,5,3,3,2,5,3,2,5,5,5,5,5,5,5,4,3,3,3,4
26 - 35 Tahun,2,Laki-laki,1,ASN/TNI/Polri,S2,> 8 Juta,Memiliki,Belum,2,1 – 6 x setahun,Jakarta dan sekitarnya,Mengunjungi Keluarga,Hotel/ Penginapan,"Kendaraan Sewa/ Transportasi  (Gojek, Grab, Taxi, dll)","Telpon/ WA/ SMS, lainnya","Waktu lebih singkat, Kenyamanan, Kemudahan",1,4,3,4,4,4,4,4,4,4,4,5,3,4,5,5,4,5,4,5,4,3,4,4,3,5
26 - 35 Tahun,2,Laki-laki,1,ASN/TNI/Polri,S1,> 8 Juta,Memiliki,Pernah,1,1 – 6 x setahun,Jakarta dan sekitarnya,Bekerja,"Kawasan Malioboro, Hotel/ Penginapan","Kendaraan Sewa/ Transportasi  (Gojek, Grab, Taxi, dll)",Menggunakan Aplikasi (Gojek/ Grab/ lainnya),"Waktu lebih singkat, Kemudahan",2,3,2,5,5,5,5,5,3,4,3,5,3,3,5,4,3,4,3,4,4,4,4,4,2,4
26 - 35 Tahun,2,Laki-laki,1,Swasta/Karyawan/BUMN/BUMD,S1,5 – 8 Juta,Memiliki,Belum,2,1 – 6 x setahun,Jakarta dan sekitarnya,Wisata/ Rekreasi/ Kuliner,"Kawasan Malioboro, Hotel/ Penginapan, Area Keraton Yogyakarta, Area Tugu Yogyakarta (Pasar Kranggan, dll), Pasar Beringharjo","Kendaraan Sewa/ Transportasi  (Gojek, Grab, Taxi, dll)",Menggunakan Aplikasi (Gojek/ Grab/ lainnya),"Waktu lebih singkat, Keamanan, Kesehatan, Kenyamanan, Kemudahan",1,4,4,4,3,3,3,3,5,5,5,4,3,5,5,5,5,5,3,2,5,5,5,5,5,5
26 - 35 Tahun,2,Perempuan,2,Swasta/Karyawan/BUMN/BUMD,S2,> 8 Juta,Memiliki,Pernah,1,1 – 6 x setahun,Jakarta dan sekitarnya,Wisata/ Rekreasi/ Kuliner,Hotel/ Penginapan,"Kendaraan Sewa/ Transportasi  (Gojek, Grab, Taxi, dll)",Menggunakan Aplikasi (Gojek/ Grab/ lainnya),"Biaya Murah, Kenyamanan, Kemudahan",3,4,2,4,2,2,4,3,5,5,4,3,4,4,5,3,3,4,4,4,4,4,4,4,4,4
26 - 35 Tahun,2,Laki-laki,1,Swasta/Karyawan/BUMN/BUMD,S2,2 – 5 Juta,Memiliki,Belum,2,1 – 6 x setahun,Luar Pulau Jawa (Via Kereta Bandara),Wisata/ Rekreasi/ Kuliner,"Kawasan Malioboro, Area Tugu Yogyakarta (Pasar Kranggan, dll)","Kendaraan Sewa/ Transportasi  (Gojek, Grab, Taxi, dll)","Telpon/ WA/ SMS, lainnya",Kemudahan,5,5,5,5,2,2,1,1,5,5,5,5,5,5,5,5,5,5,5,5,5,5,5,5,5,5
26 - 35 Tahun,2,Laki-laki,1,Swasta/Karyawan/BUMN/BUMD,D1 / D2/ D3,> 8 Juta,Memiliki,Belum,2,1 – 6 x setahun,Jawa Barat,Wisata/ Rekreasi/ Kuliner,"Kawasan Malioboro, Hotel/ Penginapan","Kendaraan Sewa/ Transportasi  (Gojek, Grab, Taxi, dll)",Menggunakan Aplikasi (Gojek/ Grab/ lainnya),"Waktu lebih singkat, Keamanan, Kenyamanan, Kemudahan",3,2,4,5,3,4,4,2,3,4,4,3,2,3,5,5,5,5,5,4,4,5,3,3,2,3
46 - 54 Tahun,4,Laki-laki,1,Pensiunan,S1,2 – 5 Juta,Tidak Memiliki,Belum,2,7 – 12x setahun,Jawa Barat,Bekerja,"Kawasan Malioboro, Hotel/ Penginapan, Area Keraton Yogyakarta, Area Tugu Yogyakarta (Pasar Kranggan, dll), Pasar Beringharjo, Candi Ratu Boko",Kendaraan Pribadi (Parkir di Stasiun/ Dijemput),Berjalan Kaki,Ramah Lingkungan,3,3,1,3,5,5,5,3,3,3,3,5,5,3,5,3,3,3,3,5,5,3,5,3,5,5
36 - 45 Tahun,3,Perempuan,2,Swasta/Karyawan/BUMN/BUMD,SMA/ SMK,5 – 8 Juta,Memiliki,Belum,2,1 – 6 x setahun,Jawa Barat,Wisata/ Rekreasi/ Kuliner,"Kawasan Malioboro, Area Keraton Yogyakarta, Area Tugu Yogyakarta (Pasar Kranggan, dll)",Berjalan Kaki,Berjalan Kaki,"Biaya Murah, Kesehatan, Pengalaman menarik",3,4,5,5,3,3,2,2,5,5,5,4,4,3,5,5,5,5,5,5,4,5,5,5,5,5
26 - 35 Tahun,2,Perempuan,2,Swasta/Karyawan/BUMN/BUMD,D1 / D2/ D3,2 – 5 Juta,Memiliki,Belum,2,1 – 6 x setahun,Jawa Timur,Wisata/ Rekreasi/ Kuliner,"Kawasan Malioboro, Area Keraton Yogyakarta, Area Tugu Yogyakarta (Pasar Kranggan, dll), Pasar Beringharjo","Kendaraan Sewa/ Transportasi  (Gojek, Grab, Taxi, dll)",Menggunakan Aplikasi (Gojek/ Grab/ lainnya),"Waktu lebih singkat, Biaya Murah",2,4,4,5,3,3,2,2,5,5,5,5,5,5,5,5,5,2,4,4,4,5,5,5,5,5
26 - 35 Tahun,2,Laki-laki,1,Swasta/Karyawan/BUMN/BUMD,S1,2 – 5 Juta,Memiliki,Pernah,1,1 – 6 x setahun,Luar Pulau Jawa (Via Kereta Bandara),Bekerja,"Hotel/ Penginapan, Area Tugu Yogyakarta (Pasar Kranggan, dll)","Kendaraan Sewa/ Transportasi  (Gojek, Grab, Taxi, dll)",Menggunakan Aplikasi (Gojek/ Grab/ lainnya),"Waktu lebih singkat, Keamanan",3,4,5,4,5,1,5,1,4,4,4,3,3,3,5,5,5,4,5,5,5,5,5,5,3,4
26 - 35 Tahun,2,Laki-laki,1,Swasta/Karyawan/BUMN/BUMD,SMA/ SMK,2 – 5 Juta,Memiliki,Pernah,1,1 – 6 x setahun,Jawa Timur,Wisata/ Rekreasi/ Kuliner,"Kawasan Malioboro, Area Tugu Yogyakarta (Pasar Kranggan, dll), Pasar Beringharjo","Kendaraan Sewa/ Transportasi  (Gojek, Grab, Taxi, dll)",Menggunakan Aplikasi (Gojek/ Grab/ lainnya),"Waktu lebih singkat, Biaya Murah, Keamanan, Kenyamanan, Kemudahan",4,5,5,5,3,3,3,2,5,5,4,4,4,4,5,5,5,5,5,4,5,5,5,5,4,4
26 - 35 Tahun,2,Laki-laki,1,Tidak/  Belum Bekerja,SMA/ SMK,"< 1,9 Juta",Memiliki,Pernah,1,1 – 6 x setahun,Jakarta dan sekitarnya,Mengunjungi Keluarga,"Kawasan Malioboro, Area Tugu Yogyakarta (Pasar Kranggan, dll), Pasar Beringharjo","Kendaraan Sewa/ Transportasi  (Gojek, Grab, Taxi, dll)",Menggunakan Aplikasi (Gojek/ Grab/ lainnya),"Keamanan, Kesehatan, Kenyamanan, Kemudahan",5,5,5,5,1,1,1,1,5,5,5,5,5,5,5,5,5,5,5,5,5,5,5,5,5,5
26 - 35 Tahun,2,Laki-laki,1,Swasta/Karyawan/BUMN/BUMD,S2,2 – 5 Juta,Memiliki,Belum,2,1 – 6 x setahun,Jawa Barat,Bekerja,"Kawasan Malioboro, Hotel/ Penginapan, Area Tugu Yogyakarta (Pasar Kranggan, dll), Pasar Beringharjo","Kendaraan Sewa/ Transportasi  (Gojek, Grab, Taxi, dll)",Menggunakan Aplikasi (Gojek/ Grab/ lainnya),"Biaya Murah, Kemudahan",2,3,2,2,5,5,5,5,3,3,2,4,3,3,4,4,4,4,4,4,4,4,4,4,3,4
12 - 25 Tahun,1,Perempuan,2,Pelajar/Mahasiswa,D1 / D2/ D3,2 – 5 Juta,Tidak Memiliki,Belum,2,1 – 4x sebulan,Jawa Timur,Pendidikan,"Pasar Beringharjo, Kampus - kostan","Angkutan Umum (Bus Trans Jogja, Damri, dll)","Angkutan Umum (Bus, dll)","Biaya Murah, Pengalaman menarik, Kenyamanan, Kemudahan",5,5,5,5,4,4,3,2,4,4,4,5,4,4,5,5,5,5,5,5,5,5,5,5,5,4
26 - 35 Tahun,2,Laki-laki,1,Pelajar/Mahasiswa,SMA/ SMK,"< 1,9 Juta",Memiliki,Pernah,1,1 – 4x sebulan,Jakarta dan sekitarnya,Wisata/ Rekreasi/ Kuliner,"Kawasan Malioboro, Hotel/ Penginapan, Area Keraton Yogyakarta, Area Tugu Yogyakarta (Pasar Kranggan, dll)","Angkutan Umum (Bus Trans Jogja, Damri, dll)","Angkutan Umum (Bus, dll)","Biaya Murah, Pengalaman menarik, Kenyamanan, Kemudahan",4,5,5,5,3,4,3,2,5,5,5,5,5,5,5,5,5,5,5,5,5,5,5,5,5,5
12 - 25 Tahun,1,Laki-laki,1,ASN/TNI/Polri,D1 / D2/ D3,5 – 8 Juta,Tidak Memiliki,Pernah,1,7 – 12x setahun,Jakarta dan sekitarnya,Wisata/ Rekreasi/ Kuliner,"Kawasan Malioboro, Hotel/ Penginapan",Berjalan Kaki,Berjalan Kaki,"Ramah Lingkungan, Pengalaman menarik",2,2,3,3,5,4,4,3,4,4,4,4,3,3,5,5,5,5,5,5,5,5,5,5,5,5
36 - 45 Tahun,3,Laki-laki,1,Wiraswasta,S1,"< 1,9 Juta",Memiliki,Belum,2,1 – 6 x setahun,Solo Raya,Wisata/ Rekreasi/ Kuliner,Kawasan Malioboro,"Kendaraan Sewa/ Transportasi  (Gojek, Grab, Taxi, dll)",Menggunakan Aplikasi (Gojek/ Grab/ lainnya),Waktu lebih singkat,4,3,4,3,4,3,3,2,3,3,3,3,3,3,3,3,3,3,3,3,3,3,3,3,3,3
26 - 35 Tahun,2,Laki-laki,1,Swasta/Karyawan/BUMN/BUMD,SMA/ SMK,2 – 5 Juta,Tidak Memiliki,Pernah,1,1 – 6 x setahun,Jawa Barat,Wisata/ Rekreasi/ Kuliner,Kawasan Malioboro,"Kendaraan Sewa/ Transportasi  (Gojek, Grab, Taxi, dll)",Menggunakan Aplikasi (Gojek/ Grab/ lainnya),"Waktu lebih singkat, Kenyamanan, Kemudahan",4,5,5,4,4,4,4,4,4,4,4,4,4,4,4,4,4,4,4,4,4,4,4,4,4,4
12 - 25 Tahun,1,Perempuan,2,Pelajar/Mahasiswa,SMA/ SMK,"< 1,9 Juta",Tidak Memiliki,Belum,2,1 – 6 x setahun,Jawa Barat,Wisata/ Rekreasi/ Kuliner,"Kawasan Malioboro, Hotel/ Penginapan","Angkutan Umum (Bus Trans Jogja, Damri, dll)","Angkutan Umum (Bus, dll)","Waktu lebih singkat, Biaya Murah",5,5,4,4,5,5,5,5,4,4,5,4,5,4,5,5,5,4,5,5,4,5,5,5,5,5
> 54 Tahun,5,Perempuan,2,Swasta/Karyawan/BUMN/BUMD,SMA/ SMK,2 – 5 Juta,Memiliki,Pernah,1,1 – 4x sebulan,Jakarta dan sekitarnya,Mengunjungi Keluarga,"Kawasan Malioboro, Area Keraton Yogyakarta, Area Tugu Yogyakarta (Pasar Kranggan, dll), Pasar Beringharjo","Kendaraan Sewa/ Transportasi  (Gojek, Grab, Taxi, dll)",Menggunakan Aplikasi (Gojek/ Grab/ lainnya),"Waktu lebih singkat, Biaya Murah, Keamanan, Kenyamanan, Kemudahan",5,5,5,5,1,1,1,1,5,5,5,5,5,5,5,5,5,5,5,5,5,5,5,5,5,5
26 - 35 Tahun,2,Laki-laki,1,Wiraswasta,D1 / D2/ D3,5 – 8 Juta,Memiliki,Pernah,1,1 – 4x sebulan,Solo Raya,Investasi,"Area Tugu Yogyakarta (Pasar Kranggan, dll)","Kendaraan Sewa/ Transportasi  (Gojek, Grab, Taxi, dll)",Menggunakan Aplikasi (Gojek/ Grab/ lainnya),"Waktu lebih singkat, Kenyamanan, Kemudahan",5,5,5,5,3,3,3,3,5,5,5,5,5,5,4,5,5,5,5,5,5,5,5,5,5,5
26 - 35 Tahun,2,Laki-laki,1,Wiraswasta,D1 / D2/ D3,5 – 8 Juta,Memiliki,Pernah,1,1 – 4x sebulan,Solo Raya,Wisata/ Rekreasi/ Kuliner,Kawasan Malioboro,"Angkutan Umum (Bus Trans Jogja, Damri, dll)",Berjalan Kaki,"Biaya Murah, Kesehatan, Pengalaman menarik",5,5,5,5,3,3,3,2,5,5,5,5,5,5,5,5,5,5,5,5,5,5,5,5,5,5
> 54 Tahun,5,Laki-laki,1,Swasta/Karyawan/BUMN/BUMD,SMA/ SMK,2 – 5 Juta,Memiliki,Pernah,1,1 – 6 x setahun,Jawa Barat,Wisata/ Rekreasi/ Kuliner,"Kawasan Malioboro, Hotel/ Penginapan, Area Keraton Yogyakarta, Area Tugu Yogyakarta (Pasar Kranggan, dll), Pasar Beringharjo","Kendaraan Sewa/ Transportasi  (Gojek, Grab, Taxi, dll)",Menggunakan Aplikasi (Gojek/ Grab/ lainnya),"Waktu lebih singkat, Biaya Murah, Keamanan, Kenyamanan, Kemudahan",5,4,5,5,1,1,1,1,5,5,5,5,5,5,5,5,5,5,5,5,5,5,5,5,5,5
36 - 45 Tahun,3,Laki-laki,1,Pegawai Lepas/ Kontrak,D1 / D2/ D3,5 – 8 Juta,Memiliki,Belum,2,1 – 6 x setahun,Jakarta dan sekitarnya,Wisata/ Rekreasi/ Kuliner,"Kawasan Malioboro, Hotel/ Penginapan, Area Tugu Yogyakarta (Pasar Kranggan, dll), Pasar Beringharjo","Kendaraan Sewa/ Transportasi  (Gojek, Grab, Taxi, dll)",Menggunakan Aplikasi (Gojek/ Grab/ lainnya),"Waktu lebih singkat, Biaya Murah, Keamanan, Kenyamanan, Kemudahan",5,5,4,5,3,3,3,3,4,5,5,5,5,5,5,5,5,5,5,5,5,5,5,5,5,5
26 - 35 Tahun,2,Perempuan,2,Wiraswasta,SMA/ SMK,2 – 5 Juta,Memiliki,Pernah,1,1 – 6 x setahun,Solo Raya,Wisata/ Rekreasi/ Kuliner,Kawasan Malioboro,"Kendaraan Sewa/ Transportasi  (Gojek, Grab, Taxi, dll)",Menggunakan Aplikasi (Gojek/ Grab/ lainnya),"Kenyamanan, Kemudahan",3,3,4,5,2,2,2,3,5,4,4,4,3,4,5,4,4,4,4,3,4,4,4,3,4,4
46 - 54 Tahun,4,Laki-laki,1,Tidak/  Belum Bekerja,D1 / D2/ D3,"< 1,9 Juta",Memiliki,Belum,2,1 – 6 x setahun,Solo Raya,Wisata/ Rekreasi/ Kuliner,"Kawasan Malioboro, Hotel/ Penginapan, Area Keraton Yogyakarta, Area Tugu Yogyakarta (Pasar Kranggan, dll), Pasar Beringharjo, ","Kendaraan Sewa/ Transportasi  (Gojek, Grab, Taxi, dll)",Menggunakan Aplikasi (Gojek/ Grab/ lainnya),"Waktu lebih singkat, Biaya Murah, Keamanan, Pengalaman menarik, Kenyamanan, ",1,1,2,1,5,5,5,5,3,3,1,5,1,1,1,5,5,5,5,5,5,3,3,4,1,5
> 54 Tahun,5,Laki-laki,1,Swasta/Karyawan/BUMN/BUMD,SMA/ SMK,5 – 8 Juta,Memiliki,Pernah,1,1 – 6 x setahun,Solo Raya,Wisata/ Rekreasi/ Kuliner,"Kawasan Malioboro, Area Keraton Yogyakarta, Area Tugu Yogyakarta (Pasar Kranggan, dll)","Kendaraan Sewa/ Transportasi  (Gojek, Grab, Taxi, dll)",Menggunakan Aplikasi (Gojek/ Grab/ lainnya),"Waktu lebih singkat, Kenyamanan",5,5,5,5,3,3,3,1,5,5,5,5,5,5,5,5,5,5,5,5,5,5,5,5,5,5
26 - 35 Tahun,2,Laki-laki,1,Swasta/Karyawan/BUMN/BUMD,SMA/ SMK,5 – 8 Juta,Memiliki,Pernah,1,1 – 6 x setahun,Solo Raya,Wisata/ Rekreasi/ Kuliner,"Kawasan Malioboro, Area Keraton Yogyakarta, Area Tugu Yogyakarta (Pasar Kranggan, dll)","Kendaraan Sewa/ Transportasi  (Gojek, Grab, Taxi, dll)",Menggunakan Aplikasi (Gojek/ Grab/ lainnya),"Waktu lebih singkat, Kenyamanan",5,5,5,5,5,1,1,1,5,5,5,5,5,5,5,5,5,5,5,5,5,5,5,5,5,5
36 - 45 Tahun,3,Perempuan,2,Swasta/Karyawan/BUMN/BUMD,SMA/ SMK,5 – 8 Juta,Memiliki,Belum,2,7 – 12x setahun,Jawa Timur,Wisata/ Rekreasi/ Kuliner,Hotel/ Penginapan,"Kendaraan Sewa/ Transportasi  (Gojek, Grab, Taxi, dll)",Menggunakan Aplikasi (Gojek/ Grab/ lainnya),"Waktu lebih singkat, Kenyamanan, Kemudahan",4,3,3,3,5,4,4,5,3,3,3,5,4,3,3,3,3,3,3,3,3,3,3,3,3,3
26 - 35 Tahun,2,Laki-laki,1,Pegawai Lepas/ Kontrak,S1,"< 1,9 Juta",Memiliki,Pernah,1,1 – 6 x setahun,Jawa Tengah,Wisata/ Rekreasi/ Kuliner,"Kawasan Malioboro, Pasar Beringharjo","Kendaraan Sewa/ Transportasi  (Gojek, Grab, Taxi, dll)",Menggunakan Aplikasi (Gojek/ Grab/ lainnya),"Waktu lebih singkat, Biaya Murah, Keamanan, Kesehatan, Ramah Lingkungan, Pengalaman menarik, Kenyamanan, Kemudahan",5,5,5,5,5,4,3,3,5,5,5,4,4,4,4,4,4,4,4,4,4,4,4,4,4,4
36 - 45 Tahun,3,Laki-laki,1,Pegawai Lepas/ Kontrak ,SMA/ SMK,"< 1,9 Juta",Tidak Memiliki,Belum,2,1 – 6 x setahun,Jawa Barat,Mengunjungi Keluarga,"Area Tugu Yogyakarta (Pasar Kranggan, dll)",Kendaraan Pribadi (Parkir di Stasiun/ Dijemput),Menggunakan kendaraan lain,"Biaya Murah, Keamanan, Kenyamanan, Kemudahan",2,2,1,2,2,2,2,2,5,5,5,5,5,5,4,4,4,4,4,4,5,5,5,4,4,5
> 54 Tahun,5,Perempuan,2,IRT,SMA/ SMK,"< 1,9 Juta",Memiliki,Belum,2,7 – 12x setahun,D.I. Yogyakarta,Wisata/ Rekreasi/ Kuliner,"Kawasan Malioboro, Area Keraton Yogyakarta, Area Tugu Yogyakarta (Pasar Kranggan, dll), Pasar Beringharjo",Becak/ Delman,Berjalan Kaki,"Ramah Lingkungan, Pengalaman menarik, Kenyamanan",4,4,4,4,4,4,3,2,5,5,5,4,4,4,5,5,5,5,4,4,5,5,5,4,4,5
26 - 35 Tahun,2,Perempuan,2,Tidak/  Belum Bekerja,SMP,"< 1,9 Juta",Memiliki,Belum,2,1 – 6 x setahun,Jawa Tengah,Wisata/ Rekreasi/ Kuliner,Kawasan Malioboro,"Angkutan Umum (Bus Trans Jogja, Damri, dll)","Angkutan Umum (Bus, dll)",Biaya Murah,3,4,4,4,4,4,4,3,3,4,4,4,4,3,5,4,4,5,5,5,4,5,3,4,5,4
36 - 45 Tahun,3,Laki-laki,1,Swasta/Karyawan/BUMN/BUMD,SMA/ SMK,2 – 5 Juta,Memiliki,Pernah,1,1 – 6 x setahun,Jawa Barat,Wisata/ Rekreasi/ Kuliner,"Kawasan Malioboro, Hotel/ Penginapan, Pasar Beringharjo","Kendaraan Sewa/ Transportasi  (Gojek, Grab, Taxi, dll)",Menggunakan Aplikasi (Gojek/ Grab/ lainnya),"Waktu lebih singkat, Biaya Murah, Keamanan, Ramah Lingkungan, Pengalaman menarik, Kenyamanan, Kemudahan",5,5,4,5,2,2,2,1,5,5,5,5,5,5,4,5,5,3,4,5,5,3,5,5,5,4
> 54 Tahun,5,Laki-laki,1,Swasta/Karyawan/BUMN/BUMD,S1,2 – 5 Juta,Tidak Memiliki,Pernah,1,1 – 4x sebulan,Solo Raya,"Bekerja, kegiatan jual/beli/transaksi, dan mengunjungi keluarga","Kawasan Malioboro, Hotel/ Penginapan, Area Tugu Yogyakarta (Pasar Kranggan, dll), Pasar Beringharjo","Angkutan Umum (Bus Trans Jogja, Damri, dll)",Berjalan Kaki,"Waktu lebih singkat, Biaya Murah, Ramah Lingkungan, Kemudahan",4,5,5,5,2,3,4,1,4,5,4,5,4,5,5,5,5,5,5,5,5,3,5,5,4,5
26 - 35 Tahun,2,Perempuan,2,Swasta/Karyawan/BUMN/BUMD,S2,> 8 Juta,Tidak Memiliki,Belum,2,1 – 6 x setahun,Jakarta dan sekitarnya,Wisata/ Rekreasi/ Kuliner,"Kawasan Malioboro, Hotel/ Penginapan, Area Keraton Yogyakarta",Berjalan Kaki,Berjalan Kaki,Biaya Murah,4,4,4,2,3,4,3,3,4,4,4,3,3,3,5,5,5,5,5,4,5,4,4,4,4,5
> 54 Tahun,5,Laki-laki,1,Pelajar/Mahasiswa,D1 / D2/ D3,"< 1,9 Juta",Tidak Memiliki,Pernah,1,2 - 7x seminggu,Jawa Tengah,Wisata/ Rekreasi/ Kuliner,"Kawasan Malioboro, Area Keraton Yogyakarta, Area Tugu Yogyakarta (Pasar Kranggan, dll)","Kendaraan Sewa/ Transportasi  (Gojek, Grab, Taxi, dll)",Menggunakan Aplikasi (Gojek/ Grab/ lainnya),"Waktu lebih singkat, Biaya Murah, Keamanan, Kenyamanan, Kemudahan",5,4,5,4,5,4,5,4,5,4,5,4,5,4,5,4,5,4,3,5,3,5,4,5,5,4
26 - 35 Tahun,2,Laki-laki,1,Swasta/Karyawan/BUMN/BUMD,SMA/ SMK,5 – 8 Juta,Memiliki,Pernah,1,1 – 4x sebulan,Jawa Barat,Wisata/ Rekreasi/ Kuliner,"Kawasan Malioboro, Area Keraton Yogyakarta, Area Tugu Yogyakarta (Pasar Kranggan, dll)","Kendaraan Sewa/ Transportasi  (Gojek, Grab, Taxi, dll)",Menggunakan Aplikasi (Gojek/ Grab/ lainnya),"Biaya Murah, Pengalaman menarik, Kemudahan",4,5,4,5,2,1,2,1,5,5,5,3,4,5,4,5,4,5,3,3,5,4,4,5,5,5
> 54 Tahun,5,Perempuan,2,Swasta/Karyawan/BUMN/BUMD,SMA/ SMK,"< 1,9 Juta",Memiliki,Pernah,1,7 – 12x setahun,D.I. Yogyakarta,Bekerja,"Kawasan Malioboro, Area Tugu Yogyakarta (Pasar Kranggan, dll), Pasar Beringharjo","Kendaraan Sewa/ Transportasi  (Gojek, Grab, Taxi, dll)",Menggunakan Aplikasi (Gojek/ Grab/ lainnya),"Waktu lebih singkat, Keamanan, Kenyamanan, Kemudahan",5,5,5,5,1,1,1,1,5,5,5,5,5,5,5,5,5,5,5,5,5,5,5,5,5,5
36 - 45 Tahun,3,Laki-laki,1,Swasta/Karyawan/BUMN/BUMD,D1 / D2/ D3,"< 1,9 Juta",Memiliki,Belum,2,7 – 12x setahun,Jakarta dan sekitarnya,Mengunjungi Keluarga,"Kawasan Malioboro, Area Tugu Yogyakarta (Pasar Kranggan, dll)",Berjalan Kaki,Berjalan Kaki,"Biaya Murah, Kenyamanan",3,4,4,4,4,2,2,3,4,4,4,4,3,4,4,5,5,5,5,5,5,5,5,5,5,5
26 - 35 Tahun,2,Laki-laki,1,Swasta/Karyawan/BUMN/BUMD,SMA/ SMK,5 – 8 Juta,Memiliki,Pernah,1,1 – 4x sebulan,Solo Raya,Bekerja,Hotel/ Penginapan,"Kendaraan Sewa/ Transportasi  (Gojek, Grab, Taxi, dll)",Menggunakan Aplikasi (Gojek/ Grab/ lainnya),"Waktu lebih singkat, Biaya Murah, Keamanan, Ramah Lingkungan, Pengalaman menarik, Kenyamanan, Kemudahan",5,4,5,5,4,4,4,3,5,5,5,5,4,4,5,5,5,5,5,5,5,5,5,5,5,4
> 54 Tahun,5,Laki-laki,1,Swasta/Karyawan/BUMN/BUMD,SMA/ SMK,5 – 8 Juta,Memiliki,Belum,2,1 – 6 x setahun,Jakarta dan sekitarnya,Wisata/ Rekreasi/ Kuliner,"Kawasan Malioboro, Area Tugu Yogyakarta (Pasar Kranggan, dll)",Becak/ Delman,Berjalan Kaki,"Biaya Murah, Ramah Lingkungan, Pengalaman menarik, Kenyamanan",5,5,5,5,4,4,2,2,5,5,5,5,5,5,5,5,5,5,5,5,5,5,4,5,5,5
26 - 35 Tahun,2,Laki-laki,1,Swasta/Karyawan/BUMN/BUMD,D1 / D2/ D3,2 – 5 Juta,Memiliki,Pernah,1,1 – 6 x setahun,Jawa Tengah,Mengunjungi Keluarga,"Kawasan Malioboro, Hotel/ Penginapan","Kendaraan Sewa/ Transportasi  (Gojek, Grab, Taxi, dll)",Menggunakan Aplikasi (Gojek/ Grab/ lainnya),"Waktu lebih singkat, Biaya Murah, Kemudahan",4,3,3,4,3,3,3,3,4,3,4,4,4,3,5,5,5,5,5,5,5,5,5,5,5,5
26 - 35 Tahun,2,Perempuan,2,IRT,SMA/ SMK,2 – 5 Juta,Memiliki,Pernah,1,1 – 6 x setahun,Jawa Barat,Wisata/ Rekreasi/ Kuliner,Hotel/ Penginapan,"Kendaraan Sewa/ Transportasi  (Gojek, Grab, Taxi, dll)",Menggunakan Aplikasi (Gojek/ Grab/ lainnya),"Waktu lebih singkat, Biaya Murah, Keamanan, Kenyamanan, Kemudahan",3,3,3,3,4,4,4,3,3,3,3,3,3,3,4,4,4,4,4,4,4,4,4,4,4,4
> 54 Tahun,5,Perempuan,2,Swasta/Karyawan/BUMN/BUMD,D1 / D2/ D3,2 – 5 Juta,Memiliki,Pernah,1,1 – 4x sebulan,Solo Raya,Wisata/ Rekreasi/ Kuliner,"Kawasan Malioboro, Hotel/ Penginapan, Area Keraton Yogyakarta, Pasar Beringharjo","Kendaraan Sewa/ Transportasi  (Gojek, Grab, Taxi, dll)",Menggunakan Aplikasi (Gojek/ Grab/ lainnya),"Waktu lebih singkat, Biaya Murah, Keamanan",5,5,5,5,5,4,1,2,4,5,5,5,5,5,4,4,5,4,5,4,3,5,5,5,5,5
36 - 45 Tahun,3,Perempuan,2,IRT,D1 / D2/ D3,5 – 8 Juta,Memiliki,Belum,2,1 – 6 x setahun,Jakarta dan sekitarnya,Wisata/ Rekreasi/ Kuliner,"Kawasan Malioboro, Hotel/ Penginapan, Area Keraton Yogyakarta, Area Tugu Yogyakarta (Pasar Kranggan, dll), Pasar Beringharjo","Kendaraan Sewa/ Transportasi  (Gojek, Grab, Taxi, dll)",Menggunakan Aplikasi (Gojek/ Grab/ lainnya),"Waktu lebih singkat, Keamanan, Kesehatan, Kenyamanan, Kemudahan",5,5,5,5,5,5,5,1,5,5,5,5,5,5,5,5,5,5,5,5,5,5,5,5,5,5
26 - 35 Tahun,2,Perempuan,2,Swasta/Karyawan/BUMN/BUMD,SMA/ SMK,2 – 5 Juta,Memiliki,Pernah,1,1 – 6 x setahun,Jawa Barat,Wisata/ Rekreasi/ Kuliner,"Kawasan Malioboro, Hotel/ Penginapan, Area Tugu Yogyakarta (Pasar Kranggan, dll)","Angkutan Umum (Bus Trans Jogja, Damri, dll)","Angkutan Umum (Bus, dll)","Waktu lebih singkat, Biaya Murah, Ramah Lingkungan, Pengalaman menarik, Kenyamanan",4,3,4,4,4,4,3,3,4,4,4,4,4,3,4,4,4,4,4,3,4,4,4,4,4,4
> 54 Tahun,5,Perempuan,2,Swasta/Karyawan/BUMN/BUMD,SMA/ SMK,2 – 5 Juta,Memiliki,Pernah,1,1 – 6 x setahun,Luar Pulau Jawa/ Via Kereta Bandara,Wisata/ Rekreasi/ Kuliner,"Kawasan Malioboro, Hotel/ Penginapan, Area Keraton Yogyakarta, Area Tugu Yogyakarta (Pasar Kranggan, dll), Pasar Beringharjo",Becak/ Delman,Berjalan Kaki,"Biaya Murah, Keamanan, Ramah Lingkungan, Pengalaman menarik, Kenyamanan",5,5,5,5,5,5,2,1,5,5,5,5,5,5,5,5,5,5,5,5,5,5,5,5,5,5
26 - 35 Tahun,2,Perempuan,2,Swasta/Karyawan/BUMN/BUMD,SMA/ SMK,2 – 5 Juta,Memiliki,Pernah,1,1 – 4x sebulan,Jawa Tengah,Mengunjungi Keluarga,"Kawasan Malioboro, Hotel/ Penginapan, Area Keraton Yogyakarta, Area Tugu Yogyakarta (Pasar Kranggan, dll), Pasar Beringharjo","Angkutan Umum (Bus Trans Jogja, Damri, dll)",Berjalan Kaki,"Biaya Murah, Kenyamanan, Kemudahan",3,4,4,4,3,2,3,3,5,5,5,4,4,4,5,5,5,5,5,5,5,4,5,5,5,5
> 54 Tahun,5,Laki-laki,1,Swasta/Karyawan/BUMN/BUMD,S1,5 – 8 Juta,Memiliki,Belum,2,1 – 6 x setahun,Jawa Barat,Wisata/ Rekreasi/ Kuliner,"Kawasan Malioboro, Hotel/ Penginapan, Pasar Beringharjo, Ngemplak","Kendaraan Sewa/ Transportasi  (Gojek, Grab, Taxi, dll)",Menggunakan Aplikasi (Gojek/ Grab/ lainnya),"Biaya Murah, Kenyamanan, Kemudahan",4,4,3,4,4,3,3,3,4,4,4,4,4,4,5,5,5,5,4,4,5,4,4,4,4,5
46 - 54 Tahun,4,Laki-laki,1,Wiraswasta,SMA/ SMK,2 – 5 Juta,Memiliki,Belum,2,1 – 6 x setahun,Jawa Timur,Wisata/ Rekreasi/ Kuliner,Kawasan Malioboro,"Kendaraan Sewa/ Transportasi  (Gojek, Grab, Taxi, dll)",Menggunakan Aplikasi (Gojek/ Grab/ lainnya),"Waktu lebih singkat, Biaya Murah, Kenyamanan, Kemudahan",5,5,5,5,1,1,1,1,5,5,5,5,5,5,5,5,5,5,5,5,5,5,5,5,5,5
26 - 35 Tahun,2,Laki-laki,1,Swasta/Karyawan/BUMN/BUMD,SMA/ SMK,2 – 5 Juta,Memiliki,Pernah,1,1 – 4x sebulan,Jawa Tengah,Wisata/ Rekreasi/ Kuliner,"Kawasan Malioboro, Hotel/ Penginapan, Area Keraton Yogyakarta, Area Tugu Yogyakarta (Pasar Kranggan, dll)","Angkutan Umum (Bus Trans Jogja, Damri, dll)",Menggunakan Aplikasi (Gojek/ Grab/ lainnya),"Biaya Murah, Keamanan, Kenyamanan, Kemudahan",5,5,5,5,1,1,1,1,5,5,5,5,5,5,5,5,5,5,5,5,5,5,5,5,5,3
> 54 Tahun,5,Perempuan,2,Swasta/Karyawan/BUMN/BUMD,S1,5 – 8 Juta,Memiliki,Pernah,1,1 – 6 x setahun,Jawa Barat,Wisata/ Rekreasi/ Kuliner,"Kawasan Malioboro, Hotel/ Penginapan, Area Keraton Yogyakarta","Kendaraan Sewa/ Transportasi  (Gojek, Grab, Taxi, dll)",Menggunakan Aplikasi (Gojek/ Grab/ lainnya),Kemudahan,4,5,5,4,4,4,4,3,5,5,5,5,5,5,5,5,5,5,5,5,5,5,5,5,5,5
26 - 35 Tahun,2,Perempuan,2,Pelajar/Mahasiswa,SMA/ SMK,2 – 5 Juta,Memiliki,Pernah,1,1 – 4x sebulan,Jawa Timur,Bekerja,"Kawasan Malioboro, Hotel/ Penginapan, Area Keraton Yogyakarta","Angkutan Umum (Bus Trans Jogja, Damri, dll)",Menggunakan Aplikasi (Gojek/ Grab/ lainnya),"Waktu lebih singkat, Biaya Murah",3,3,4,2,1,5,4,2,2,4,2,2,3,3,2,4,4,4,2,4,2,3,4,3,4,3
12 - 25 Tahun,1,Perempuan,2,Pelajar/Mahasiswa,SMA/ SMK,"< 1,9 Juta",Tidak Memiliki,Pernah,1,1 – 6 x setahun,Solo Raya,Wisata/ Rekreasi/ Kuliner,"Kawasan Malioboro, Area Tugu Yogyakarta (Pasar Kranggan, dll), Pasar Beringharjo","Kendaraan Sewa/ Transportasi  (Gojek, Grab, Taxi, dll)",Menggunakan Aplikasi (Gojek/ Grab/ lainnya),"Kenyamanan, Kemudahan",4,4,5,5,4,4,1,1,5,5,5,4,4,4,5,5,5,4,4,4,4,4,4,4,4,4
26 - 35 Tahun,2,Laki-laki,1,Swasta/Karyawan/BUMN/BUMD,S1,> 8 Juta,Memiliki,Pernah,1,7 – 12x setahun,Jawa Barat,Bekerja,"Kawasan Malioboro, Hotel/ Penginapan, Area Keraton Yogyakarta, Pasar Beringharjo","Kendaraan Sewa/ Transportasi  (Gojek, Grab, Taxi, dll)",Menggunakan Aplikasi (Gojek/ Grab/ lainnya),"Waktu lebih singkat, Biaya Murah, Keamanan",3,4,3,3,3,3,3,3,4,4,4,4,3,4,4,4,4,4,4,4,4,3,4,4,4,4
> 54 Tahun,5,Laki-laki,1,Swasta/Karyawan/BUMN/BUMD,S1,> 8 Juta,Memiliki,Belum,2,1 – 6 x setahun,Jakarta dan sekitarnya,Wisata/ Rekreasi/ Kuliner,Hotel/ Penginapan,"Kendaraan Sewa/ Transportasi  (Gojek, Grab, Taxi, dll)",Menggunakan Aplikasi (Gojek/ Grab/ lainnya),Waktu lebih singkat,5,4,4,4,4,4,4,3,3,3,3,3,3,3,3,3,3,3,3,3,3,3,3,3,3,3
26 - 35 Tahun,2,Perempuan,2,ASN/TNI/Polri,S1,2 – 5 Juta,Memiliki,Pernah,1,1 – 4x sebulan,D.I. Yogyakarta,Wisata/ Rekreasi/ Kuliner,"Kawasan Malioboro, Hotel/ Penginapan, Area Keraton Yogyakarta, Area Tugu Yogyakarta (Pasar Kranggan, dll)","Kendaraan Sewa/ Transportasi  (Gojek, Grab, Taxi, dll)",Menggunakan Aplikasi (Gojek/ Grab/ lainnya),Waktu lebih singkat,4,5,4,4,3,3,4,3,4,5,5,5,5,4,5,4,4,4,4,4,4,3,5,5,5,3
> 54 Tahun,5,Perempuan,2,Swasta/Karyawan/BUMN/BUMD,D1 / D2/ D3,5 – 8 Juta,Memiliki,Pernah,1,1 – 6 x setahun,Jawa Tengah,Wisata/ Rekreasi/ Kuliner,Kawasan Malioboro,"Kendaraan Sewa/ Transportasi  (Gojek, Grab, Taxi, dll)",Menggunakan Aplikasi (Gojek/ Grab/ lainnya),Kenyamanan,4,3,4,4,4,4,3,3,4,5,5,5,5,5,5,5,5,5,5,5,5,5,5,5,5,5
12 - 25 Tahun,1,Perempuan,2,Swasta/Karyawan/BUMN/BUMD,SMA/ SMK,"< 1,9 Juta",Memiliki,Belum,2,1 – 4x sebulan,Jawa Tengah,Wisata/ Rekreasi/ Kuliner,Kawasan Malioboro,"Kendaraan Sewa/ Transportasi  (Gojek, Grab, Taxi, dll)",Menggunakan Aplikasi (Gojek/ Grab/ lainnya),Kemudahan,5,5,5,5,2,2,2,2,5,5,5,5,5,5,5,5,5,5,5,5,5,5,5,5,5,5
26 - 35 Tahun,2,Laki-laki,1,Swasta/Karyawan/BUMN/BUMD,S1,5 – 8 Juta,Memiliki,Pernah,1,1 – 4x sebulan,Solo Raya,Wisata/ Rekreasi/ Kuliner,"Hotel/ Penginapan, Area Keraton Yogyakarta, Area Tugu Yogyakarta (Pasar Kranggan, dll)","Kendaraan Sewa/ Transportasi  (Gojek, Grab, Taxi, dll)",Menggunakan Aplikasi (Gojek/ Grab/ lainnya),"Waktu lebih singkat, Biaya Murah, Kemudahan",5,3,2,4,3,2,3,2,4,4,4,5,4,5,5,5,5,5,5,5,5,5,5,4,4,4
> 54 Tahun,5,Perempuan,2,Swasta/Karyawan/BUMN/BUMD,SMA/ SMK,"< 1,9 Juta",Memiliki,Pernah,1,1 – 4x sebulan,Jakarta dan sekitarnya,Bekerja,"Kawasan Malioboro, Hotel/ Penginapan, Area Keraton Yogyakarta, Area Tugu Yogyakarta (Pasar Kranggan, dll), Pasar Beringharjo","Kendaraan Sewa/ Transportasi  (Gojek, Grab, Taxi, dll)",Menggunakan Aplikasi (Gojek/ Grab/ lainnya),"Waktu lebih singkat, Biaya Murah, Keamanan, Kesehatan, Ramah Lingkungan, Pengalaman menarik, Kenyamanan",5,5,5,5,5,5,5,5,5,5,5,5,5,5,5,5,5,5,5,5,5,5,5,5,5,5
12 - 25 Tahun,1,Laki-laki,1,Pelajar/Mahasiswa,SMA/ SMK,"< 1,9 Juta",Memiliki,Pernah,1,1 – 6 x setahun,Jawa Timur,Wisata/ Rekreasi/ Kuliner,"Kawasan Malioboro, Hotel/ Penginapan, Area Tugu Yogyakarta (Pasar Kranggan, dll), Pasar Beringharjo, Pantai parang Tritis ","Angkutan Umum (Bus Trans Jogja, Damri, dll)",Berjalan Kaki,"Waktu lebih singkat, Biaya Murah, Kemudahan",4,4,4,5,3,2,1,2,4,4,4,4,5,3,3,4,4,4,4,4,5,4,4,4,4,4
12 - 25 Tahun,1,Laki-laki,1,Pelajar/Mahasiswa,SMA/ SMK,"< 1,9 Juta",Memiliki,Pernah,1,1 – 6 x setahun,Jawa Timur,Wisata/ Rekreasi/ Kuliner,"Kawasan Malioboro, Hotel/ Penginapan","Kendaraan Sewa/ Transportasi  (Gojek, Grab, Taxi, dll)",Menggunakan Aplikasi (Gojek/ Grab/ lainnya),"Waktu lebih singkat, Biaya Murah, Kenyamanan, Kemudahan",5,3,3,5,3,3,5,4,5,4,4,3,4,4,5,5,5,5,5,5,5,5,5,5,5,5
12 - 25 Tahun,1,Perempuan,2,Swasta/Karyawan/BUMN/BUMD,SMA/ SMK,2 – 5 Juta,Memiliki,Belum,2,1 – 6 x setahun,Jawa Tengah,Wisata/ Rekreasi/ Kuliner,Kawasan Malioboro,"Kendaraan Sewa/ Transportasi  (Gojek, Grab, Taxi, dll)",Menggunakan Aplikasi (Gojek/ Grab/ lainnya),Waktu lebih singkat,2,5,4,5,2,2,2,3,4,4,4,3,3,4,4,4,3,4,4,4,3,3,4,4,4,3
26 - 35 Tahun,2,Laki-laki,1,Swasta/Karyawan/BUMN/BUMD,SMA/ SMK,2 – 5 Juta,Memiliki,Pernah,1,1 – 6 x setahun,Jakarta dan sekitarnya,Wisata/ Rekreasi/ Kuliner,"Kawasan Malioboro, Hotel/ Penginapan, Area Keraton Yogyakarta, Area Tugu Yogyakarta (Pasar Kranggan, dll), Pasar Beringharjo","Kendaraan Sewa/ Transportasi  (Gojek, Grab, Taxi, dll)",Menggunakan Aplikasi (Gojek/ Grab/ lainnya),"Waktu lebih singkat, Biaya Murah, Keamanan, Ramah Lingkungan, Pengalaman menarik, Kenyamanan, Kemudahan",5,5,5,5,1,1,1,1,5,5,5,5,5,5,5,5,5,5,4,5,5,5,5,5,5,5
26 - 35 Tahun,2,Perempuan,2,Swasta/Karyawan/BUMN/BUMD,SMA/ SMK,5 – 8 Juta,Memiliki,Pernah,1,7 – 12x setahun,Jawa Barat,Mengunjungi Keluarga,"Kawasan Malioboro, Area Keraton Yogyakarta, Area Tugu Yogyakarta (Pasar Kranggan, dll)","Kendaraan Sewa/ Transportasi  (Gojek, Grab, Taxi, dll)",Menggunakan Aplikasi (Gojek/ Grab/ lainnya),"Waktu lebih singkat, Biaya Murah, Keamanan, Kenyamanan, Kemudahan",5,4,5,5,3,2,1,1,5,5,5,5,5,5,5,5,5,5,5,5,5,5,4,5,5,5
12 - 25 Tahun,1,Laki-laki,1,Tidak/  Belum Bekerja,SMA/ SMK,"< 1,9 Juta",Tidak Memiliki,Pernah,1,1 – 6 x setahun,Jawa Tengah,Wisata/ Rekreasi/ Kuliner,"Kawasan Malioboro, Area Keraton Yogyakarta, Area Tugu Yogyakarta (Pasar Kranggan, dll)","Kendaraan Sewa/ Transportasi  (Gojek, Grab, Taxi, dll)",Menggunakan Aplikasi (Gojek/ Grab/ lainnya),"Waktu lebih singkat, Biaya Murah",4,5,5,3,3,3,2,2,5,5,4,3,5,3,5,4,3,3,3,4,4,4,4,5,2,3
> 54 Tahun,5,Laki-laki,1,Swasta/Karyawan/BUMN/BUMD,SMA/ SMK,2 – 5 Juta,Memiliki,Pernah,1,2 - 7x seminggu,Jawa Barat,Wisata/ Rekreasi/ Kuliner,"Kawasan Malioboro, Area Keraton Yogyakarta","Kendaraan Sewa/ Transportasi  (Gojek, Grab, Taxi, dll)",Menggunakan Aplikasi (Gojek/ Grab/ lainnya),"Waktu lebih singkat, Biaya Murah, Kemudahan",5,5,5,5,2,2,3,2,4,5,5,5,5,5,5,5,5,5,5,5,5,5,5,5,5,5
12 - 25 Tahun,1,Laki-laki,1,Swasta/Karyawan/BUMN/BUMD,SMA/ SMK,2 – 5 Juta,Memiliki,Pernah,1,1 – 4x sebulan,Jawa Tengah,Wisata/ Rekreasi/ Kuliner,"Kawasan Malioboro, Hotel/ Penginapan, Area Keraton Yogyakarta, Area Tugu Yogyakarta (Pasar Kranggan, dll)","Kendaraan Sewa/ Transportasi  (Gojek, Grab, Taxi, dll)",Menggunakan Aplikasi (Gojek/ Grab/ lainnya),"Waktu lebih singkat, Keamanan, Kenyamanan, Kemudahan",5,5,5,5,2,2,1,1,5,5,5,5,5,5,5,5,5,5,5,5,5,5,4,5,5,5
26 - 35 Tahun,2,Laki-laki,1,Swasta/Karyawan/BUMN/BUMD,D1 / D2/ D3,2 – 5 Juta,Memiliki,Belum,2,1 – 6 x setahun,Jawa Tengah,Wisata/ Rekreasi/ Kuliner,Kawasan Malioboro,"Kendaraan Sewa/ Transportasi  (Gojek, Grab, Taxi, dll)",Menggunakan Aplikasi (Gojek/ Grab/ lainnya),Kemudahan,3,3,4,4,2,4,4,4,4,4,3,3,3,3,4,4,4,4,4,4,5,4,4,4,3,4
26 - 35 Tahun,2,Perempuan,2,Swasta/Karyawan/BUMN/BUMD,SMA/ SMK,5 – 8 Juta,Memiliki,Belum,2,1 – 6 x setahun,Jawa Barat,Wisata/ Rekreasi/ Kuliner,Kawasan Malioboro,"Kendaraan Sewa/ Transportasi  (Gojek, Grab, Taxi, dll)",Menggunakan Aplikasi (Gojek/ Grab/ lainnya),"Waktu lebih singkat, Biaya Murah, Keamanan, Kemudahan",4,4,4,3,4,3,3,1,4,3,3,3,4,4,4,4,4,4,4,4,4,4,3,4,3,3
12 - 25 Tahun,1,Laki-laki,1,Pelajar/Mahasiswa,SMA/ SMK,"< 1,9 Juta",Memiliki,Pernah,1,1 – 6 x setahun,Solo Raya,Wisata/ Rekreasi/ Kuliner,"Kawasan Malioboro, Hotel/ Penginapan, Area Keraton Yogyakarta, Area Tugu Yogyakarta (Pasar Kranggan, dll)","Kendaraan Sewa/ Transportasi  (Gojek, Grab, Taxi, dll)",Menggunakan Aplikasi (Gojek/ Grab/ lainnya),"Waktu lebih singkat, Biaya Murah, Kenyamanan",5,4,5,5,5,4,5,5,5,5,5,5,5,5,5,5,5,5,5,5,5,5,5,5,5,5
> 54 Tahun,5,Perempuan,2,Wiraswasta,SMA/ SMK,2 – 5 Juta,Memiliki,Belum,2,1 – 6 x setahun,Jawa Tengah,Wisata/ Rekreasi/ Kuliner,Kawasan Malioboro,"Angkutan Umum (Bus Trans Jogja, Damri, dll)",Berjalan Kaki,"Biaya Murah, Pengalaman menarik, Kenyamanan",4,5,5,5,4,5,4,3,5,5,5,5,5,5,5,5,5,5,5,5,5,5,5,5,5,5
> 54 Tahun,5,Perempuan,2,Tidak/  Belum Bekerja,SMA/ SMK,"< 1,9 Juta",Memiliki,Belum,2,1 – 6 x setahun,Jawa Barat,Mengunjungi Keluarga,Pasar Beringharjo,"Kendaraan Sewa/ Transportasi  (Gojek, Grab, Taxi, dll)",Menggunakan Aplikasi (Gojek/ Grab/ lainnya),"Waktu lebih singkat, Biaya Murah",4,4,4,4,1,2,2,2,4,3,5,5,5,5,5,5,5,5,5,5,5,5,5,5,5,5
26 - 35 Tahun,2,Perempuan,2,IRT ,SMA/ SMK,2 – 5 Juta,Memiliki,Pernah,1,1 – 6 x setahun,Jawa Timur,Wisata/ Rekreasi/ Kuliner,"Kawasan Malioboro, Area Keraton Yogyakarta, Area Tugu Yogyakarta (Pasar Kranggan, dll)","Angkutan Umum (Bus Trans Jogja, Damri, dll)","Angkutan Umum (Bus, dll)",Biaya Murah,5,5,4,5,3,3,3,3,5,5,5,4,5,4,5,5,5,5,5,5,5,5,5,5,5,5
26 - 35 Tahun,2,Perempuan,2,Swasta/Karyawan/BUMN/BUMD,SMA/ SMK,2 – 5 Juta,Memiliki,Pernah,1,1 – 4x sebulan,Jakarta dan sekitarnya,Wisata/ Rekreasi/ Kuliner,"Area Tugu Yogyakarta (Pasar Kranggan, dll)","Angkutan Umum (Bus Trans Jogja, Damri, dll)","Angkutan Umum (Bus, dll)","Waktu lebih singkat, Biaya Murah, Keamanan, Ramah Lingkungan, Pengalaman menarik, Kenyamanan",5,5,5,5,1,1,1,1,5,5,5,5,5,5,5,5,5,5,5,5,5,5,5,5,5,5
> 54 Tahun,5,Perempuan,2,Tidak/  Belum Bekerja,SMA/ SMK,"< 1,9 Juta",Memiliki,Belum,2,1 – 6 x setahun,Jakarta dan sekitarnya,Mengunjungi Keluarga,Kawasan Malioboro,"Angkutan Umum (Bus Trans Jogja, Damri, dll)","Angkutan Umum (Bus, dll)","Biaya Murah, Pengalaman menarik, Kenyamanan, Kemudahan",5,5,5,5,5,5,1,1,5,5,5,5,5,5,5,5,5,5,5,5,5,5,5,5,5,5
26 - 35 Tahun,2,Laki-laki,1,Swasta/Karyawan/BUMN/BUMD,SMA/ SMK,2 – 5 Juta,Memiliki,Pernah,1,1 – 4x sebulan,Jawa Tengah,Wisata/ Rekreasi/ Kuliner,"Kawasan Malioboro, Hotel/ Penginapan, Pasar Beringharjo","Kendaraan Sewa/ Transportasi  (Gojek, Grab, Taxi, dll)",Menggunakan Aplikasi (Gojek/ Grab/ lainnya),Kemudahan,2,4,5,5,3,4,3,3,4,4,3,5,5,3,5,5,4,5,5,4,5,5,5,5,4,5
26 - 35 Tahun,2,Perempuan,2,Swasta/Karyawan/BUMN/BUMD,SMA/ SMK,2 – 5 Juta,Memiliki,Belum,2,1 – 6 x setahun,D.I. Yogyakarta,Wisata/ Rekreasi/ Kuliner,Kawasan Malioboro,"Kendaraan Sewa/ Transportasi  (Gojek, Grab, Taxi, dll)",Menggunakan Aplikasi (Gojek/ Grab/ lainnya),"Waktu lebih singkat, Biaya Murah",5,5,5,5,5,5,5,5,5,5,5,5,5,5,5,5,5,5,5,5,5,5,5,5,5,5
12 - 25 Tahun,1,Laki-laki,1,Swasta/Karyawan/BUMN/BUMD,SMA/ SMK,2 – 5 Juta,Memiliki,Pernah,1,2 - 7x seminggu,D.I. Yogyakarta,Bekerja,Kawasan Malioboro,"Kendaraan Sewa/ Transportasi  (Gojek, Grab, Taxi, dll)",Menggunakan Aplikasi (Gojek/ Grab/ lainnya),Biaya Murah,5,5,5,5,5,5,5,5,5,5,5,5,5,5,5,5,5,5,5,5,5,5,4,5,5,5
> 54 Tahun,5,Perempuan,2,Swasta/Karyawan/BUMN/BUMD,S1,2 – 5 Juta,Memiliki,Belum,2,1 – 6 x setahun,Jawa Timur,Mengunjungi Keluarga,Hotel/ Penginapan,"Kendaraan Sewa/ Transportasi  (Gojek, Grab, Taxi, dll)",Menggunakan Aplikasi (Gojek/ Grab/ lainnya),"Waktu lebih singkat, Biaya Murah, Keamanan, Kenyamanan, Kemudahan",5,3,5,5,5,5,4,1,5,5,5,5,5,5,5,5,5,5,5,5,5,5,5,5,5,5
26 - 35 Tahun,2,Laki-laki,1,Swasta/Karyawan/BUMN/BUMD,S1,> 8 Juta,Memiliki,Pernah,1,2 - 7x seminggu,Jakarta dan sekitarnya,Wisata/ Rekreasi/ Kuliner,"Kawasan Malioboro, Hotel/ Penginapan, Area Keraton Yogyakarta, Area Tugu Yogyakarta (Pasar Kranggan, dll), Pasar Beringharjo","Kendaraan Sewa/ Transportasi  (Gojek, Grab, Taxi, dll)",Menggunakan Aplikasi (Gojek/ Grab/ lainnya),"Waktu lebih singkat, Biaya Murah, Kenyamanan, Kemudahan",5,4,5,4,4,5,4,4,5,5,4,5,5,4,5,5,4,5,4,4,4,4,4,5,4,5
36 - 45 Tahun,3,Laki-laki,1,Tidak/  Belum Bekerja,SMA/ SMK,"< 1,9 Juta",Memiliki,Belum,2,1 – 6 x setahun,Jawa Tengah,Mengunjungi Keluarga,"Area Tugu Yogyakarta (Pasar Kranggan, dll)","Kendaraan Sewa/ Transportasi  (Gojek, Grab, Taxi, dll)",Menggunakan Aplikasi (Gojek/ Grab/ lainnya),"Waktu lebih singkat, Biaya Murah, Keamanan, Kesehatan",5,5,5,5,5,5,5,5,4,5,5,5,5,5,5,5,5,5,5,5,5,5,5,5,5,5
12 - 25 Tahun,1,Laki-laki,1,Swasta/Karyawan/BUMN/BUMD,SMA/ SMK,"< 1,9 Juta",Memiliki,Pernah,1,1 – 6 x setahun,Jawa Barat,Wisata/ Rekreasi/ Kuliner,"Kawasan Malioboro, Area Keraton Yogyakarta, Area Tugu Yogyakarta (Pasar Kranggan, dll), Pasar Beringharjo, Pantai²di jogja","Kendaraan Sewa/ Transportasi  (Gojek, Grab, Taxi, dll)",Menggunakan Aplikasi (Gojek/ Grab/ lainnya),"Waktu lebih singkat, Biaya Murah, Keamanan, Kesehatan, Ramah Lingkungan, Pengalaman menarik, Kenyamanan, Kemudahan",4,4,4,5,3,4,3,2,5,5,5,4,4,4,5,5,5,5,5,5,5,5,5,5,5,5
> 54 Tahun,5,Laki-laki,1,Swasta/Karyawan/BUMN/BUMD,SMA/ SMK,2 – 5 Juta,Memiliki,Pernah,1,1 – 6 x setahun,Jawa Timur,Mengunjungi Keluarga,"Kawasan Malioboro, Area Keraton Yogyakarta, Area Tugu Yogyakarta (Pasar Kranggan, dll)","Kendaraan Sewa/ Transportasi  (Gojek, Grab, Taxi, dll)",Menggunakan Aplikasi (Gojek/ Grab/ lainnya),Kemudahan,5,5,5,5,3,3,3,2,5,5,5,5,5,5,5,5,5,5,5,5,5,5,5,5,5,5
26 - 35 Tahun,2,Perempuan,2,Swasta/Karyawan/BUMN/BUMD,SMA/ SMK,> 8 Juta,Memiliki,Pernah,1,1 – 6 x setahun,Jawa Barat,Mengunjungi Keluarga,Kawasan Malioboro,Becak/ Delman,Berjalan Kaki,"Biaya Murah, Ramah Lingkungan, Pengalaman menarik, Kenyamanan, Kemudahan",5,5,5,5,2,3,1,1,5,5,5,5,5,4,5,5,5,5,5,5,5,5,5,5,5,5
> 54 Tahun,5,Laki-laki,1,Tidak/  Belum Bekerja,D1 / D2/ D3,"< 1,9 Juta",Memiliki,Pernah,1,1 – 6 x setahun,Jawa Barat,Wisata/ Rekreasi/ Kuliner,"Kawasan Malioboro, Area Tugu Yogyakarta (Pasar Kranggan, dll)","Kendaraan Sewa/ Transportasi  (Gojek, Grab, Taxi, dll)",Menggunakan Aplikasi (Gojek/ Grab/ lainnya),"Waktu lebih singkat, Keamanan, Kenyamanan",5,5,5,4,5,5,5,4,5,5,5,5,5,5,4,5,5,5,5,5,4,5,5,5,5,5
12 - 25 Tahun,1,Perempuan,2,Pegawai Lepas/ kontrak,SMA/ SMK,"< 1,9 Juta",Memiliki,Pernah,1,1 – 6 x setahun,Jakarta dan sekitarnya,Wisata/ Rekreasi/ Kuliner,"Kawasan Malioboro, Hotel/ Penginapan","Kendaraan Sewa/ Transportasi  (Gojek, Grab, Taxi, dll)","Telpon/ WA/ SMS, lainnya","Waktu lebih singkat, Pengalaman menarik, Kenyamanan, Kemudahan",4,4,4,5,2,3,3,1,5,5,5,5,5,5,5,5,5,5,5,5,5,5,5,5,5,5
26 - 35 Tahun,2,Laki-laki,1,Swasta/Karyawan/BUMN/BUMD,S1,5 – 8 Juta,Memiliki,Pernah,1,2 - 7x seminggu,Luar Pulau Jawa/ Via Kereta Bandara,Bekerja,"Kawasan Malioboro, Hotel/ Penginapan, Area Keraton Yogyakarta","Kendaraan Sewa/ Transportasi  (Gojek, Grab, Taxi, dll)",Menggunakan Aplikasi (Gojek/ Grab/ lainnya),"Waktu lebih singkat, Biaya Murah, Keamanan, Kesehatan",5,5,5,5,5,5,5,5,5,5,5,5,5,5,5,5,5,5,5,5,5,5,5,5,5,5
26 - 35 Tahun,2,Laki-laki,1,Swasta/Karyawan/BUMN/BUMD,SMA/ SMK,5 – 8 Juta,Memiliki,Pernah,1,1 – 6 x setahun,Solo Raya,Wisata/ Rekreasi/ Kuliner,Kawasan Malioboro,"Angkutan Umum (Bus Trans Jogja, Damri, dll)","Angkutan Umum (Bus, dll)","Biaya Murah, Keamanan",5,4,5,4,4,4,3,3,4,4,4,4,4,5,5,4,5,4,4,4,4,4,4,5,5,4
12 - 25 Tahun,1,Perempuan,2,Pelajar/Mahasiswa,SMA/ SMK,5 – 8 Juta,Memiliki,Pernah,1,1 – 6 x setahun,D.I. Yogyakarta,Wisata/ Rekreasi/ Kuliner,Kawasan Malioboro,"Angkutan Umum (Bus Trans Jogja, Damri, dll)",Menggunakan Aplikasi (Gojek/ Grab/ lainnya),"Waktu lebih singkat, Biaya Murah, Keamanan, Pengalaman menarik, Kenyamanan, Kemudahan",5,5,5,5,5,5,3,5,5,5,5,5,5,5,5,5,5,5,5,5,5,5,5,5,5,5
> 54 Tahun,5,Perempuan,2,Swasta/Karyawan/BUMN/BUMD,SMA/ SMK,5 – 8 Juta,Memiliki,Belum,2,1 – 6 x setahun,Jawa Timur,Wisata/ Rekreasi/ Kuliner,"Kawasan Malioboro, Hotel/ Penginapan, Area Keraton Yogyakarta, Area Tugu Yogyakarta (Pasar Kranggan, dll), Pasar Beringharjo","Kendaraan Sewa/ Transportasi  (Gojek, Grab, Taxi, dll)",Menggunakan Aplikasi (Gojek/ Grab/ lainnya),"Waktu lebih singkat, Biaya Murah",1,1,1,5,4,4,4,3,4,5,5,5,5,4,5,3,3,4,5,3,4,4,4,5,5,5
12 - 25 Tahun,1,Laki-laki,1,Pelajar/Mahasiswa,SMA/ SMK,2 – 5 Juta,Memiliki,Pernah,1,2 - 7x seminggu,Solo Raya,Pendidikan,"Kawasan Malioboro, Area Keraton Yogyakarta, Area Tugu Yogyakarta (Pasar Kranggan, dll)","Angkutan Umum (Bus Trans Jogja, Damri, dll)","Angkutan Umum (Bus, dll)","Biaya Murah, Keamanan, Ramah Lingkungan, Pengalaman menarik, Kenyamanan, Kemudahan",5,5,5,5,2,2,2,2,5,5,5,5,5,5,5,5,5,5,5,5,5,5,5,5,5,5
26 - 35 Tahun,2,Perempuan,2,Swasta/Karyawan/BUMN/BUMD,SMA/ SMK,2 – 5 Juta,Memiliki,Belum,2,1 – 6 x setahun,Jakarta dan sekitarnya,Wisata/ Rekreasi/ Kuliner,Kawasan Malioboro,"Kendaraan Sewa/ Transportasi  (Gojek, Grab, Taxi, dll)","Telpon/ WA/ SMS, lainnya","Biaya Murah, Kemudahan",5,5,5,5,5,5,5,3,5,5,5,5,5,5,5,5,5,3,5,5,3,5,5,5,5,5
> 54 Tahun,5,Laki-laki,1,Swasta/Karyawan/BUMN/BUMD,S1,5 – 8 Juta,Memiliki,Pernah,1,2 - 7x seminggu,Jakarta dan sekitarnya,Wisata/ Rekreasi/ Kuliner,"Kawasan Malioboro, Hotel/ Penginapan, Area Keraton Yogyakarta, Area Tugu Yogyakarta (Pasar Kranggan, dll), Pasar Beringharjo","Kendaraan Sewa/ Transportasi  (Gojek, Grab, Taxi, dll)",Menggunakan Aplikasi (Gojek/ Grab/ lainnya),"Waktu lebih singkat, Biaya Murah, Keamanan, Kesehatan, Ramah Lingkungan, Pengalaman menarik, Kenyamanan, Kemudahan",5,5,5,5,5,5,5,5,5,5,5,5,5,5,5,5,5,5,5,5,5,5,5,5,5,5
26 - 35 Tahun,2,Perempuan,2,IRT,SMA/ SMK,"< 1,9 Juta",Memiliki,Pernah,1,1 – 6 x setahun,Jawa Timur,Wisata/ Rekreasi/ Kuliner,"Kawasan Malioboro, Hotel/ Penginapan, Area Keraton Yogyakarta, Area Tugu Yogyakarta (Pasar Kranggan, dll)",Becak/ Delman,Berjalan Kaki,"Biaya Murah, Kesehatan, Ramah Lingkungan, Pengalaman menarik, Kemudahan",5,4,4,5,3,3,3,1,5,5,5,5,5,5,4,4,4,4,4,5,5,5,5,5,5,5
26 - 35 Tahun,2,Perempuan,2,Swasta/Karyawan/BUMN/BUMD,S1,5 – 8 Juta,Memiliki,Pernah,1,1 – 4x sebulan,D.I. Yogyakarta,Wisata/ Rekreasi/ Kuliner,Kawasan Malioboro,"Kendaraan Sewa/ Transportasi  (Gojek, Grab, Taxi, dll)",Menggunakan Aplikasi (Gojek/ Grab/ lainnya),Waktu lebih singkat,5,5,5,5,5,5,5,5,5,5,5,5,5,5,5,5,5,5,5,5,5,5,5,5,5,5
12 - 25 Tahun,1,Laki-laki,1,Swasta/Karyawan/BUMN/BUMD,SMA/ SMK,2 – 5 Juta,Memiliki,Pernah,1,1 – 4x sebulan,Jawa Timur,Wisata/ Rekreasi/ Kuliner,"Kawasan Malioboro, Hotel/ Penginapan","Kendaraan Sewa/ Transportasi  (Gojek, Grab, Taxi, dll)",Menggunakan Aplikasi (Gojek/ Grab/ lainnya),"Biaya Murah, Kemudahan",3,4,4,5,3,1,3,3,5,4,4,4,4,4,5,5,5,5,5,5,5,5,4,5,5,4
26 - 35 Tahun,2,Perempuan,2,Swasta/Karyawan/BUMN/BUMD,SMA/ SMK,2 – 5 Juta,Memiliki,Pernah,1,1 – 6 x setahun,Jawa Tengah,Wisata/ Rekreasi/ Kuliner,"Kawasan Malioboro, Hotel/ Penginapan, Area Tugu Yogyakarta (Pasar Kranggan, dll)","Kendaraan Sewa/ Transportasi  (Gojek, Grab, Taxi, dll)",Menggunakan Aplikasi (Gojek/ Grab/ lainnya),"Biaya Murah, Kemudahan",4,4,4,4,4,4,4,2,5,5,4,4,4,3,5,5,4,5,5,4,5,4,4,4,4,4
> 54 Tahun,5,Laki-laki,1,Wiraswasta,SD,2 – 5 Juta,Memiliki,Pernah,1,1 – 4x sebulan,Jawa Timur,Mengunjungi Keluarga,"Kawasan Malioboro, Area Tugu Yogyakarta (Pasar Kranggan, dll)",Berjalan Kaki,Berjalan Kaki,"Biaya Murah, Keamanan, Kesehatan, Kenyamanan",3,5,5,5,5,3,3,3,5,5,5,5,5,5,4,5,5,5,5,5,5,5,5,5,5,5
> 54 Tahun,5,Perempuan,2,Wiraswasta ,SMA/ SMK,5 – 8 Juta,Memiliki,Pernah,1,1 – 6 x setahun,Solo Raya,Wisata/ Rekreasi/ Kuliner,"Kawasan Malioboro, Hotel/ Penginapan, Area Keraton Yogyakarta, Area Tugu Yogyakarta (Pasar Kranggan, dll), Pasar Beringharjo","Kendaraan Sewa/ Transportasi  (Gojek, Grab, Taxi, dll)",Menggunakan Aplikasi (Gojek/ Grab/ lainnya),"Waktu lebih singkat, Biaya Murah, Keamanan, Kenyamanan, Kemudahan",4,4,4,5,3,3,3,3,5,5,5,4,4,4,4,4,5,3,5,3,4,5,3,5,5,5
12 - 25 Tahun,1,Perempuan,2,Swasta/Karyawan/BUMN/BUMD,SMA/ SMK,2 – 5 Juta,Memiliki,Belum,2,2 - 7x seminggu,D.I. Yogyakarta,Mengunjungi Keluarga,Hotel/ Penginapan,"Kendaraan Sewa/ Transportasi  (Gojek, Grab, Taxi, dll)",Menggunakan Aplikasi (Gojek/ Grab/ lainnya),Kemudahan,5,5,5,5,4,5,2,2,4,4,4,4,4,4,4,4,4,4,4,4,4,4,4,4,4,4
12 - 25 Tahun,1,Laki-laki,1,Swasta/Karyawan/BUMN/BUMD,SMA/ SMK,2 – 5 Juta,Tidak Memiliki,Pernah,1,1 – 4x sebulan,Jawa Barat,Wisata/ Rekreasi/ Kuliner,Kawasan Malioboro,"Kendaraan Sewa/ Transportasi  (Gojek, Grab, Taxi, dll)",Menggunakan Aplikasi (Gojek/ Grab/ lainnya),"Waktu lebih singkat, Biaya Murah, Kemudahan",4,4,5,4,3,2,1,2,5,5,5,4,5,5,5,5,4,5,5,4,5,4,4,5,5,5
12 - 25 Tahun,1,Perempuan,2,IRT ,SMA/ SMK,2 – 5 Juta,Memiliki,Pernah,1,7 – 12x setahun,Jawa Timur,Mengunjungi Keluarga,"Area Tugu Yogyakarta (Pasar Kranggan, dll)","Kendaraan Sewa/ Transportasi  (Gojek, Grab, Taxi, dll)",Menggunakan Aplikasi (Gojek/ Grab/ lainnya),"Biaya Murah, Kemudahan",3,4,4,5,3,3,4,3,5,5,5,5,5,5,5,5,5,5,5,5,5,5,5,5,5,5
26 - 35 Tahun,2,Laki-laki,1,Swasta/Karyawan/BUMN/BUMD,SMA/ SMK,5 – 8 Juta,Memiliki,Pernah,1,1 – 4x sebulan,Solo Raya,Wisata/ Rekreasi/ Kuliner,"Kawasan Malioboro, Hotel/ Penginapan, Area Keraton Yogyakarta, Area Tugu Yogyakarta (Pasar Kranggan, dll), Pasar Beringharjo","Angkutan Umum (Bus Trans Jogja, Damri, dll)","Angkutan Umum (Bus, dll)","Waktu lebih singkat, Biaya Murah, Keamanan, Kesehatan, Ramah Lingkungan, Pengalaman menarik, Kenyamanan, Kemudahan",5,5,5,5,5,5,5,2,5,4,5,5,5,5,5,5,5,5,5,5,5,5,5,5,5,4
> 54 Tahun,5,Laki-laki,1,Swasta/Karyawan/BUMN/BUMD,SMA/ SMK,5 – 8 Juta,Memiliki,Pernah,1,1 – 6 x setahun,Jakarta dan sekitarnya,Mengunjungi Keluarga,"Kawasan Malioboro, Area Keraton Yogyakarta, Area Tugu Yogyakarta (Pasar Kranggan, dll)",Kendaraan Pribadi (Parkir di Stasiun/ Dijemput),"Telpon/ WA/ SMS, lainnya","Waktu lebih singkat, Biaya Murah, Keamanan, Kesehatan, Ramah Lingkungan, Pengalaman menarik, Kenyamanan, Kemudahan",5,5,5,5,3,3,3,1,5,5,5,5,5,5,5,5,5,5,5,5,5,5,5,5,5,5
26 - 35 Tahun,2,Perempuan,2,Swasta/Karyawan/BUMN/BUMD,SMA/ SMK,"< 1,9 Juta",Memiliki,Pernah,1,1 – 6 x setahun,Jawa Tengah,Wisata/ Rekreasi/ Kuliner,Kawasan Malioboro,Becak/ Delman,Berjalan Kaki,Waktu lebih singkat,2,1,2,4,4,5,5,5,3,3,1,2,1,1,4,4,3,3,3,3,4,4,4,4,5,3
> 54 Tahun,5,Perempuan,2,IRT,SMA/ SMK,2 – 5 Juta,Memiliki,Pernah,1,1 – 4x sebulan,Jawa Barat,Mengunjungi Keluarga,"Kawasan Malioboro, Hotel/ Penginapan","Kendaraan Sewa/ Transportasi  (Gojek, Grab, Taxi, dll)",Menggunakan Aplikasi (Gojek/ Grab/ lainnya),"Waktu lebih singkat, Biaya Murah, Kemudahan",4,4,4,4,3,3,4,3,4,4,5,4,4,3,5,5,5,5,5,5,5,5,5,5,4,5
36 - 45 Tahun,3,Perempuan,2,Swasta/Karyawan/BUMN/BUMD,SMA/ SMK,2 – 5 Juta,Memiliki,Belum,2,7 – 12x setahun,Jawa Tengah,Wisata/ Rekreasi/ Kuliner,"Kawasan Malioboro, Area Tugu Yogyakarta (Pasar Kranggan, dll)","Kendaraan Sewa/ Transportasi  (Gojek, Grab, Taxi, dll)",Menggunakan Aplikasi (Gojek/ Grab/ lainnya),"Waktu lebih singkat, Biaya Murah",4,3,3,5,3,4,3,3,4,4,4,4,3,3,5,5,5,5,5,5,5,5,5,5,5,5
> 54 Tahun,5,Laki-laki,1,Swasta/Karyawan/BUMN/BUMD,SMA/ SMK,2 – 5 Juta,Tidak Memiliki,Pernah,1,7 – 12x setahun,Jawa Barat,Wisata/ Rekreasi/ Kuliner,"Kawasan Malioboro, Area Keraton Yogyakarta, Area Tugu Yogyakarta (Pasar Kranggan, dll), Pasar Beringharjo","Angkutan Umum (Bus Trans Jogja, Damri, dll)",Berjalan Kaki,Biaya Murah,5,5,5,5,5,5,5,5,5,5,5,5,5,5,5,5,5,5,5,5,5,5,5,5,5,5
26 - 35 Tahun,2,Perempuan,2,Swasta/Karyawan/BUMN/BUMD,SMA/ SMK,2 – 5 Juta,Memiliki,Pernah,1,1 – 6 x setahun,Jakarta dan sekitarnya,Wisata/ Rekreasi/ Kuliner,"Kawasan Malioboro, Area Keraton Yogyakarta, Area Tugu Yogyakarta (Pasar Kranggan, dll)",Becak/ Delman,Berjalan Kaki,"Biaya Murah, Ramah Lingkungan, Pengalaman menarik",4,4,4,4,3,3,3,3,4,4,4,4,4,4,4,4,4,4,4,4,5,5,5,5,5,5
> 54 Tahun,5,Perempuan,2,Tidak/  Belum Bekerja,S1,5 – 8 Juta,Memiliki,Pernah,1,1 – 6 x setahun,Jawa Timur,Wisata/ Rekreasi/ Kuliner,"Kawasan Malioboro, Hotel/ Penginapan, Area Keraton Yogyakarta, Area Tugu Yogyakarta (Pasar Kranggan, dll), Pasar Beringharjo","Kendaraan Sewa/ Transportasi  (Gojek, Grab, Taxi, dll)",Menggunakan Aplikasi (Gojek/ Grab/ lainnya),Waktu lebih singkat,1,3,2,5,5,5,5,5,3,3,2,5,2,2,5,5,5,5,5,5,5,5,5,5,5,5
> 54 Tahun,5,Laki-laki,1,Pelajar/Mahasiswa,D1 / D2/ D3,5 – 8 Juta,Memiliki,Pernah,1,1 – 4x sebulan,Solo Raya,Pendidikan,"Kawasan Malioboro, Hotel/ Penginapan, Area Keraton Yogyakarta, Area Tugu Yogyakarta (Pasar Kranggan, dll), Pasar Beringharjo","Kendaraan Sewa/ Transportasi  (Gojek, Grab, Taxi, dll)",Menggunakan Aplikasi (Gojek/ Grab/ lainnya),"Waktu lebih singkat, Biaya Murah, Kemudahan",5,5,5,5,2,1,1,2,5,5,5,5,4,5,5,5,5,5,5,5,5,5,5,5,5,5
26 - 35 Tahun,2,Perempuan,2,Swasta/Karyawan/BUMN/BUMD,SMA/ SMK,2 – 5 Juta,Memiliki,Pernah,1,1 – 4x sebulan,Jawa Timur,Bekerja,Kawasan Malioboro,"Kendaraan Sewa/ Transportasi  (Gojek, Grab, Taxi, dll)",Menggunakan Aplikasi (Gojek/ Grab/ lainnya),"Waktu lebih singkat, Biaya Murah, Keamanan, Kenyamanan, Kemudahan",5,5,5,5,5,2,2,1,5,5,5,5,5,5,5,5,5,5,5,5,5,5,5,5,5,5
26 - 35 Tahun,2,Perempuan,2,IRT,D1 / D2/ D3,2 – 5 Juta,Memiliki,Belum,2,1 – 6 x setahun,Jawa Tengah,Mengunjungi Keluarga,Pasar Beringharjo,Becak/ Delman,Berjalan Kaki,Biaya Murah,4,4,4,4,4,4,4,2,4,4,4,4,4,4,4,4,4,4,4,4,4,4,4,4,4,4
12 - 25 Tahun,1,Perempuan,2,Tidak/  Belum Bekerja,SMA/ SMK,"< 1,9 Juta",Memiliki,Pernah,1,1 – 6 x setahun,Jawa Barat,Wisata/ Rekreasi/ Kuliner,"Kawasan Malioboro, Hotel/ Penginapan, Area Tugu Yogyakarta (Pasar Kranggan, dll)","Angkutan Umum (Bus Trans Jogja, Damri, dll)",Berjalan Kaki,Biaya Murah,3,2,3,4,2,2,2,2,4,4,4,4,4,4,5,4,4,5,4,4,5,5,3,4,4,4
> 54 Tahun,5,Laki-laki,1,Swasta/Karyawan/BUMN/BUMD,SMA/ SMK,2 – 5 Juta,Memiliki,Pernah,1,1 – 6 x setahun,Jawa Timur,Wisata/ Rekreasi/ Kuliner,"Kawasan Malioboro, Hotel/ Penginapan, Area Keraton Yogyakarta, Area Tugu Yogyakarta (Pasar Kranggan, dll)",Becak/ Delman,Berjalan Kaki,"Biaya Murah, Ramah Lingkungan, Pengalaman menarik",4,3,5,5,3,4,3,2,5,4,5,4,4,4,5,4,4,5,4,4,5,4,4,4,5,5
26 - 35 Tahun,2,Perempuan,2,Tidak/  Belum Bekerja,D1 / D2/ D3,"< 1,9 Juta",Memiliki,Pernah,1,1 – 6 x setahun,Jawa Tengah,Wisata/ Rekreasi/ Kuliner,"Kawasan Malioboro, Area Keraton Yogyakarta, Area Tugu Yogyakarta (Pasar Kranggan, dll), Pasar Beringharjo",Becak/ Delman,Berjalan Kaki,Pengalaman menarik,4,4,4,4,4,4,4,4,4,4,4,4,4,4,4,4,4,4,4,4,4,5,5,4,4,4
26 - 35 Tahun,2,Laki-laki,1,Swasta/Karyawan/BUMN/BUMD,SMA/ SMK,2 – 5 Juta,Tidak Memiliki,Belum,2,1 – 4x sebulan,Solo Raya,Wisata/ Rekreasi/ Kuliner,"Kawasan Malioboro, Pasar Beringharjo, Taman pintar",Becak/ Delman,Berjalan Kaki,"Biaya Murah, Pengalaman menarik",3,4,4,4,3,3,3,2,4,3,3,3,3,3,5,5,5,5,5,5,5,4,4,4,3,5
36 - 45 Tahun,3,Perempuan,2,Swasta/Karyawan/BUMN/BUMD,SMA/ SMK,2 – 5 Juta,Memiliki,Pernah,1,1 – 6 x setahun,Jawa Barat,Wisata/ Rekreasi/ Kuliner,"Kawasan Malioboro, Hotel/ Penginapan, Area Keraton Yogyakarta, Area Tugu Yogyakarta (Pasar Kranggan, dll), Pasar Beringharjo","Angkutan Umum (Bus Trans Jogja, Damri, dll)","Angkutan Umum (Bus, dll)","Biaya Murah, Kemudahan",5,5,5,5,5,5,5,5,5,5,5,5,5,5,5,5,5,5,5,5,5,5,5,5,5,5
> 54 Tahun,5,Perempuan,2,Swasta/Karyawan/BUMN/BUMD,SMA/ SMK,5 – 8 Juta,Memiliki,Pernah,1,1 – 4x sebulan,Jawa Barat,Wisata/ Rekreasi/ Kuliner,"Kawasan Malioboro, Hotel/ Penginapan, Area Keraton Yogyakarta","Angkutan Umum (Bus Trans Jogja, Damri, dll)",Berjalan Kaki,"Pengalaman menarik, Kenyamanan, Kemudahan",5,5,5,5,5,5,5,5,5,5,5,5,5,5,5,5,5,5,4,5,5,5,5,5,5,5
12 - 25 Tahun,1,Perempuan,2,Pelajar/Mahasiswa,S1,"< 1,9 Juta",Memiliki,Pernah,1,1 – 6 x setahun,Jawa Tengah,Pendidikan,"Kawasan Malioboro, Area Keraton Yogyakarta, Area Tugu Yogyakarta (Pasar Kranggan, dll)",Becak/ Delman,Berjalan Kaki,"Biaya Murah, Ramah Lingkungan, Pengalaman menarik",4,5,4,5,1,1,1,1,5,5,5,4,5,5,5,4,5,5,4,3,5,5,5,5,5,4
26 - 35 Tahun,2,Perempuan,2,Swasta/Karyawan/BUMN/BUMD,SMA/ SMK,2 – 5 Juta,Memiliki,Pernah,1,1 – 6 x setahun,Jawa Tengah,Bekerja,"Area Tugu Yogyakarta (Pasar Kranggan, dll)","Angkutan Umum (Bus Trans Jogja, Damri, dll)",Berjalan Kaki,"Waktu lebih singkat, Biaya Murah, Keamanan",5,5,5,5,3,3,3,1,5,5,5,5,5,5,5,5,5,5,5,4,5,5,5,5,5,5
12 - 25 Tahun,1,Perempuan,2,Swasta/Karyawan/BUMN/BUMD,SMA/ SMK,5 – 8 Juta,Memiliki,Pernah,1,1 – 4x sebulan,Jawa Barat,Ibadah,Kawasan Malioboro,"Kendaraan Sewa/ Transportasi  (Gojek, Grab, Taxi, dll)",Menggunakan Aplikasi (Gojek/ Grab/ lainnya),Waktu lebih singkat,4,4,4,4,4,4,4,4,4,4,4,4,5,5,5,5,5,5,5,5,5,5,5,5,4,4
> 54 Tahun,5,Laki-laki,1,Swasta/Karyawan/BUMN/BUMD,SMA/ SMK,2 – 5 Juta,Memiliki,Pernah,1,1 – 4x sebulan,Jakarta dan sekitarnya,Wisata/ Rekreasi/ Kuliner,"Kawasan Malioboro, Area Keraton Yogyakarta, Pasar Beringharjo","Kendaraan Sewa/ Transportasi  (Gojek, Grab, Taxi, dll)",Menggunakan Aplikasi (Gojek/ Grab/ lainnya),"Waktu lebih singkat, Biaya Murah, Kemudahan",4,4,4,5,4,3,3,3,5,5,5,4,4,4,5,4,4,4,4,4,5,5,4,4,4,4
> 54 Tahun,5,Perempuan,2,Swasta/Karyawan/BUMN/BUMD,SMA/ SMK,> 8 Juta,Memiliki,Belum,2,1 – 6 x setahun,Jakarta dan sekitarnya,Mengunjungi Keluarga,"Kawasan Malioboro, Area Tugu Yogyakarta (Pasar Kranggan, dll), Pasar Beringharjo",Kendaraan Pribadi (Parkir di Stasiun/ Dijemput),Berjalan Kaki,"Keamanan, Pengalaman menarik, Kenyamanan, Kemudahan",5,5,5,5,1,1,1,1,5,5,5,5,5,5,5,5,5,5,5,5,5,5,5,5,5,5
12 - 25 Tahun,1,Perempuan,2,Swasta/Karyawan/BUMN/BUMD,SMA/ SMK,"< 1,9 Juta",Memiliki,Pernah,1,1 – 4x sebulan,D.I. Yogyakarta,Wisata/ Rekreasi/ Kuliner,"Kawasan Malioboro, Area Tugu Yogyakarta (Pasar Kranggan, dll)","Kendaraan Sewa/ Transportasi  (Gojek, Grab, Taxi, dll)",Menggunakan Aplikasi (Gojek/ Grab/ lainnya),"Waktu lebih singkat, Kemudahan",5,5,5,5,3,1,1,1,5,5,5,5,5,5,5,5,5,5,5,5,5,5,5,5,5,5
26 - 35 Tahun,2,Laki-laki,1,Swasta/Karyawan/BUMN/BUMD,SMA/ SMK,2 – 5 Juta,Memiliki,Pernah,1,1 – 6 x setahun,Jawa Tengah,Wisata/ Rekreasi/ Kuliner,Kawasan Malioboro,"Kendaraan Sewa/ Transportasi  (Gojek, Grab, Taxi, dll)",Menggunakan Aplikasi (Gojek/ Grab/ lainnya),"Waktu lebih singkat, Kemudahan",5,5,5,5,1,1,1,1,5,5,5,5,5,5,5,5,5,5,5,5,5,5,5,5,5,5
26 - 35 Tahun,2,Laki-laki,1,Wiraswasta,SMA/ SMK,2 – 5 Juta,Memiliki,Pernah,1,1 – 6 x setahun,Jawa Barat,Wisata/ Rekreasi/ Kuliner,"Kawasan Malioboro, Hotel/ Penginapan, Area Keraton Yogyakarta, Area Tugu Yogyakarta (Pasar Kranggan, dll)","Kendaraan Sewa/ Transportasi  (Gojek, Grab, Taxi, dll)",Menggunakan Aplikasi (Gojek/ Grab/ lainnya),"Waktu lebih singkat, Keamanan, Kesehatan, Kenyamanan, Kemudahan",5,5,5,5,4,5,5,5,5,5,5,4,5,4,4,4,5,4,5,5,5,5,5,5,5,5
> 54 Tahun,5,Perempuan,2,Swasta/Karyawan/BUMN/BUMD,SMA/ SMK,"< 1,9 Juta",Memiliki,Belum,2,1 – 6 x setahun,D.I. Yogyakarta,Wisata/ Rekreasi/ Kuliner,"Kawasan Malioboro, Pasar Beringharjo","Kendaraan Sewa/ Transportasi  (Gojek, Grab, Taxi, dll)",Menggunakan Aplikasi (Gojek/ Grab/ lainnya),"Waktu lebih singkat, Kemudahan",2,2,2,4,4,4,4,5,3,2,2,3,3,3,4,4,4,4,4,4,4,4,3,3,3,3
26 - 35 Tahun,2,Perempuan,2,Swasta/Karyawan/BUMN/BUMD,SMA/ SMK,2 – 5 Juta,Memiliki,Belum,2,1 – 6 x setahun,D.I. Yogyakarta,Wisata/ Rekreasi/ Kuliner,"Kawasan Malioboro, Pasar Beringharjo","Kendaraan Sewa/ Transportasi  (Gojek, Grab, Taxi, dll)",Menggunakan Aplikasi (Gojek/ Grab/ lainnya),"Waktu lebih singkat, Biaya Murah",5,5,5,5,5,5,5,5,5,5,5,5,5,5,5,5,5,5,5,5,5,5,5,5,5,5
26 - 35 Tahun,2,Perempuan,2,Swasta/Karyawan/BUMN/BUMD,SMA/ SMK,2 – 5 Juta,Memiliki,Pernah,1,2 - 7x seminggu,Solo Raya,Bekerja,"Area Keraton Yogyakarta, Area Tugu Yogyakarta (Pasar Kranggan, dll)","Kendaraan Sewa/ Transportasi  (Gojek, Grab, Taxi, dll)",Menggunakan Aplikasi (Gojek/ Grab/ lainnya),"Waktu lebih singkat, Biaya Murah, Kenyamanan",5,5,5,5,3,3,4,1,4,5,3,3,4,3,2,5,4,5,5,5,4,5,4,5,5,5
> 54 Tahun,5,Laki-laki,1,Swasta/Karyawan/BUMN/BUMD,SMA/ SMK,2 – 5 Juta,Memiliki,Pernah,1,7 – 12x setahun,D.I. Yogyakarta,Wisata/ Rekreasi/ Kuliner,"Kawasan Malioboro, Area Keraton Yogyakarta, Area Tugu Yogyakarta (Pasar Kranggan, dll), Pasar Beringharjo","Kendaraan Sewa/ Transportasi  (Gojek, Grab, Taxi, dll)",Menggunakan Aplikasi (Gojek/ Grab/ lainnya),"Waktu lebih singkat, Ramah Lingkungan, Kenyamanan, Kemudahan",2,1,1,1,4,4,3,3,4,4,3,4,3,3,5,5,5,5,5,5,5,5,4,4,4,4
36 - 45 Tahun,3,Laki-laki,1,Swasta/Karyawan/BUMN/BUMD,SMA/ SMK,5 – 8 Juta,Memiliki,Pernah,1,1 – 4x sebulan,Jawa Timur,Mengunjungi Keluarga,Kawasan Malioboro,"Angkutan Umum (Bus Trans Jogja, Damri, dll)",Berjalan Kaki,Biaya Murah,5,5,5,5,3,3,3,3,5,5,5,5,5,5,5,5,5,5,5,5,5,5,5,5,5,5
26 - 35 Tahun,2,Perempuan,2,Swasta/Karyawan/BUMN/BUMD,SMA/ SMK,2 – 5 Juta,Memiliki,Pernah,1,1 – 4x sebulan,Jawa Timur,Wisata/ Rekreasi/ Kuliner,"Kawasan Malioboro, Area Keraton Yogyakarta, Area Tugu Yogyakarta (Pasar Kranggan, dll)",Kendaraan Pribadi (Parkir di Stasiun/ Dijemput),"Telpon/ WA/ SMS, lainnya","Keamanan, Kenyamanan, Kemudahan",4,4,3,3,3,3,3,3,4,4,4,4,4,4,4,4,4,4,4,3,3,3,4,4,4,4
26 - 35 Tahun,2,Perempuan,2,Swasta/Karyawan/BUMN/BUMD,D1 / D2/ D3,5 – 8 Juta,Memiliki,Pernah,1,1 – 6 x setahun,Jawa Tengah,Wisata/ Rekreasi/ Kuliner,"Kawasan Malioboro, Hotel/ Penginapan, Area Keraton Yogyakarta, Area Tugu Yogyakarta (Pasar Kranggan, dll), Pasar Beringharjo","Kendaraan Sewa/ Transportasi  (Gojek, Grab, Taxi, dll)",Menggunakan Aplikasi (Gojek/ Grab/ lainnya),"Waktu lebih singkat, Biaya Murah, Kenyamanan, Kemudahan",5,5,5,5,1,1,1,1,5,5,5,5,5,5,5,5,5,5,5,5,5,5,5,5,5,5
12 - 25 Tahun,1,Perempuan,2,IRT,SMA/ SMK,2 – 5 Juta,Memiliki,Pernah,1,1 – 6 x setahun,Jawa Barat,Mengunjungi Keluarga,"Kawasan Malioboro, Hotel/ Penginapan, Area Keraton Yogyakarta, Area Tugu Yogyakarta (Pasar Kranggan, dll)",Berjalan Kaki,Berjalan Kaki,"Keamanan, Ramah Lingkungan, Pengalaman menarik",5,5,5,5,5,4,3,3,5,5,5,5,5,5,5,5,5,5,5,5,5,5,5,5,5,5
12 - 25 Tahun,1,Perempuan,2,Tidak/  Belum Bekerja,SMA/ SMK,"< 1,9 Juta",Memiliki,Pernah,1,1 – 4x sebulan,Jawa Timur,Wisata/ Rekreasi/ Kuliner,"Hotel/ Penginapan, Area Tugu Yogyakarta (Pasar Kranggan, dll)","Kendaraan Sewa/ Transportasi  (Gojek, Grab, Taxi, dll)",Menggunakan Aplikasi (Gojek/ Grab/ lainnya),"Waktu lebih singkat, Kemudahan",5,4,5,5,5,4,4,5,5,5,5,4,4,5,4,5,5,5,5,5,5,5,5,5,5,4
12 - 25 Tahun,1,Perempuan,2,Swasta/Karyawan/BUMN/BUMD,SMA/ SMK,2 – 5 Juta,Memiliki,Pernah,1,1 – 6 x setahun,Jakarta dan sekitarnya,Wisata/ Rekreasi/ Kuliner,Kawasan Malioboro,Becak/ Delman,"Angkutan Umum (Bus, dll)","Biaya Murah, Ramah Lingkungan, Pengalaman menarik",4,4,4,5,3,2,1,1,5,5,4,4,4,4,4,4,4,4,4,4,4,4,5,4,5,4
> 54 Tahun,5,Perempuan,2,Swasta/Karyawan/BUMN/BUMD,SMA/ SMK,5 – 8 Juta,Memiliki,Pernah,1,1 – 4x sebulan,Solo Raya,Wisata/ Rekreasi/ Kuliner,"Kawasan Malioboro, Hotel/ Penginapan, Area Keraton Yogyakarta","Kendaraan Sewa/ Transportasi  (Gojek, Grab, Taxi, dll)",Menggunakan Aplikasi (Gojek/ Grab/ lainnya),"Waktu lebih singkat, Biaya Murah, Keamanan, Kenyamanan, Kemudahan",5,5,5,3,4,4,1,1,5,5,5,4,4,4,5,4,4,5,5,5,5,5,4,5,5,5
26 - 35 Tahun,2,Perempuan,2,IRT ,SD,"< 1,9 Juta",Memiliki,Belum,2,1 – 6 x setahun,Jawa Tengah,Wisata/ Rekreasi/ Kuliner,Kawasan Malioboro,Becak/ Delman,"Angkutan Umum (Bus, dll)","Biaya Murah, Ramah Lingkungan, Pengalaman menarik",4,4,4,4,3,3,3,3,4,4,4,4,4,4,4,4,4,4,4,4,5,5,4,5,5,5
> 54 Tahun,5,Perempuan,2,Swasta/Karyawan/BUMN/BUMD,S1,5 – 8 Juta,Memiliki,Pernah,1,1 – 6 x setahun,Jawa Tengah,Wisata/ Rekreasi/ Kuliner,"Kawasan Malioboro, Hotel/ Penginapan, Area Tugu Yogyakarta (Pasar Kranggan, dll)","Angkutan Umum (Bus Trans Jogja, Damri, dll)",Menggunakan Aplikasi (Gojek/ Grab/ lainnya),"Pengalaman menarik, Kenyamanan, Kemudahan",1,3,4,5,4,4,3,4,5,5,5,3,3,4,5,5,5,5,5,5,5,5,3,5,4,3
36 - 45 Tahun,3,Laki-laki,1,Wiraswasta ,SMA/ SMK,"< 1,9 Juta",Memiliki,Pernah,1,1 – 4x sebulan,D.I. Yogyakarta,Mengunjungi Keluarga,"Kawasan Malioboro, Area Keraton Yogyakarta, Area Tugu Yogyakarta (Pasar Kranggan, dll), Pasar Beringharjo","Kendaraan Sewa/ Transportasi  (Gojek, Grab, Taxi, dll)",Menggunakan Aplikasi (Gojek/ Grab/ lainnya),"Waktu lebih singkat, Biaya Murah, Kenyamanan, Kemudahan",4,4,4,4,2,2,3,2,4,4,4,4,4,4,4,4,4,4,4,4,4,4,4,4,4,4
12 - 25 Tahun,1,Perempuan,2,Swasta/Karyawan/BUMN/BUMD,SMA/ SMK,2 – 5 Juta,Memiliki,Pernah,1,1 – 6 x setahun,Jawa Timur,Wisata/ Rekreasi/ Kuliner,Kawasan Malioboro,"Angkutan Umum (Bus Trans Jogja, Damri, dll)","Angkutan Umum (Bus, dll)","Biaya Murah, Kemudahan",5,5,5,5,1,1,1,1,5,5,5,5,5,5,5,5,5,5,5,5,5,5,5,5,5,5
26 - 35 Tahun,2,Perempuan,2,Swasta/Karyawan/BUMN/BUMD,SMA/ SMK,2 – 5 Juta,Memiliki,Pernah,1,1 – 6 x setahun,Jakarta dan sekitarnya,Wisata/ Rekreasi/ Kuliner,"Kawasan Malioboro, Hotel/ Penginapan","Kendaraan Sewa/ Transportasi  (Gojek, Grab, Taxi, dll)",Menggunakan Aplikasi (Gojek/ Grab/ lainnya),"Waktu lebih singkat, Biaya Murah, Keamanan, Pengalaman menarik, Kenyamanan, Kemudahan",4,5,4,5,2,2,2,1,5,5,5,5,5,5,4,4,5,5,4,5,5,5,5,5,5,5
46 - 54 Tahun,4,Perempuan,2,Swasta/Karyawan/BUMN/BUMD,SMA/ SMK,2 – 5 Juta,Memiliki,Pernah,1,1 – 6 x setahun,D.I. Yogyakarta,Wisata/ Rekreasi/ Kuliner,"Area Tugu Yogyakarta (Pasar Kranggan, dll)","Angkutan Umum (Bus Trans Jogja, Damri, dll)","Angkutan Umum (Bus, dll)",Biaya Murah,5,5,5,5,5,5,5,5,5,5,5,5,5,5,5,5,5,5,5,5,5,5,5,5,5,5
46 - 54 Tahun,4,Perempuan,2,IRT ,SMA/ SMK,"< 1,9 Juta",Memiliki,Belum,2,1 – 6 x setahun,Jawa Tengah,Wisata/ Rekreasi/ Kuliner,Kawasan Malioboro,Berjalan Kaki,Berjalan Kaki,"Biaya Murah, Ramah Lingkungan",3,3,3,4,3,3,3,3,3,3,3,3,3,3,4,4,4,4,4,3,4,4,3,3,3,4
46 - 54 Tahun,4,Perempuan,2,Swasta/Karyawan/BUMN/BUMD,S1,> 8 Juta,Memiliki,Pernah,1,1 – 6 x setahun,Jawa Barat,Wisata/ Rekreasi/ Kuliner,"Kawasan Malioboro, Hotel/ Penginapan, Area Keraton Yogyakarta, Area Tugu Yogyakarta (Pasar Kranggan, dll), Pasar Beringharjo","Kendaraan Sewa/ Transportasi  (Gojek, Grab, Taxi, dll)",Menggunakan Aplikasi (Gojek/ Grab/ lainnya),"Waktu lebih singkat, Kemudahan",3,3,3,5,5,5,5,5,3,3,1,5,3,3,5,5,5,5,5,5,5,5,5,5,5,5
46 - 54 Tahun,4,Perempuan,2,Swasta/Karyawan/BUMN/BUMD,S1,2 – 5 Juta,Memiliki,Pernah,1,2 - 7x seminggu,Jawa Tengah,Wisata/ Rekreasi/ Kuliner,"Kawasan Malioboro, Hotel/ Penginapan, Area Keraton Yogyakarta, Area Tugu Yogyakarta (Pasar Kranggan, dll), Pasar Beringharjo","Kendaraan Sewa/ Transportasi  (Gojek, Grab, Taxi, dll)",Menggunakan Aplikasi (Gojek/ Grab/ lainnya),"Waktu lebih singkat, Biaya Murah, Kemudahan",5,5,4,5,3,3,3,2,4,4,5,4,4,4,5,5,4,5,5,5,5,4,5,5,4,5
12 - 25 Tahun,1,Perempuan,2,Swasta/Karyawan/BUMN/BUMD,SMA/ SMK,2 – 5 Juta,Memiliki,Pernah,1,1 – 6 x setahun,Jawa Barat,Wisata/ Rekreasi/ Kuliner,"Kawasan Malioboro, Hotel/ Penginapan, Area Keraton Yogyakarta, Area Tugu Yogyakarta (Pasar Kranggan, dll)","Angkutan Umum (Bus Trans Jogja, Damri, dll)",Berjalan Kaki,"Waktu lebih singkat, Biaya Murah, Pengalaman menarik, Kemudahan",5,5,5,5,1,1,1,1,5,5,5,5,5,5,4,5,5,5,5,5,5,5,5,5,5,5
46 - 54 Tahun,4,Perempuan,2,Swasta/Karyawan/BUMN/BUMD,SMA/ SMK,2 – 5 Juta,Memiliki,Belum,2,7 – 12x setahun,Jawa Barat,Mengunjungi Keluarga,Kawasan Malioboro,"Kendaraan Sewa/ Transportasi  (Gojek, Grab, Taxi, dll)",Menggunakan Aplikasi (Gojek/ Grab/ lainnya),"Waktu lebih singkat, Keamanan, Kenyamanan, Kemudahan",5,3,5,5,5,5,1,2,4,4,5,5,5,4,5,5,4,5,5,5,5,5,5,5,5,5
12 - 25 Tahun,1,Perempuan,2,Pelajar/Mahasiswa,SMA/ SMK,"< 1,9 Juta",Tidak Memiliki,Belum,2,1 – 4x sebulan,Solo Raya,Wisata/ Rekreasi/ Kuliner,"Area Keraton Yogyakarta, Area Tugu Yogyakarta (Pasar Kranggan, dll), Pasar Beringharjo","Angkutan Umum (Bus Trans Jogja, Damri, dll)","Angkutan Umum (Bus, dll)","Waktu lebih singkat, Biaya Murah, Kemudahan",4,4,4,3,4,4,4,3,3,3,3,4,4,4,4,4,4,4,4,4,4,4,4,4,4,3
46 - 54 Tahun,4,Perempuan,2,Swasta/Karyawan/BUMN/BUMD,SMA/ SMK,"< 1,9 Juta",Tidak Memiliki,Pernah,1,1 – 6 x setahun,Jawa Timur,Wisata/ Rekreasi/ Kuliner,"Kawasan Malioboro, Area Tugu Yogyakarta (Pasar Kranggan, dll), Pasar Beringharjo",Berjalan Kaki,Berjalan Kaki,Kemudahan,5,5,5,2,4,5,3,2,3,4,4,5,5,5,5,5,5,5,5,5,5,5,5,5,5,5
46 - 54 Tahun,4,Perempuan,2,Swasta/Karyawan/BUMN/BUMD,SMA/ SMK,5 – 8 Juta,Memiliki,Pernah,1,7 – 12x setahun,Solo Raya,Mengunjungi Keluarga,"Kawasan Malioboro, Area Tugu Yogyakarta (Pasar Kranggan, dll), Pasar Beringharjo","Angkutan Umum (Bus Trans Jogja, Damri, dll)",Berjalan Kaki,"Biaya Murah, Keamanan, Pengalaman menarik, Kenyamanan",5,5,5,5,2,2,2,2,5,5,5,5,5,5,5,5,5,5,5,5,4,5,5,5,5,5
46 - 54 Tahun,4,Perempuan,2,Swasta/Karyawan/BUMN/BUMD,SMA/ SMK,2 – 5 Juta,Memiliki,Pernah,1,1 – 6 x setahun,Jawa Tengah,Wisata/ Rekreasi/ Kuliner,Kawasan Malioboro,Kendaraan Pribadi (Parkir di Stasiun/ Dijemput),Berjalan Kaki,"Waktu lebih singkat, Biaya Murah, Keamanan",5,5,5,5,3,3,3,3,3,3,1,3,4,4,4,4,3,3,4,3,3,3,3,3,3,3
36 - 45 Tahun,3,Perempuan,2,Tidak/  Belum Bekerja,SMA/ SMK,"< 1,9 Juta",Memiliki,Pernah,1,7 – 12x setahun,Jawa Barat,Wisata/ Rekreasi/ Kuliner,Kawasan Malioboro,"Kendaraan Sewa/ Transportasi  (Gojek, Grab, Taxi, dll)",Menggunakan Aplikasi (Gojek/ Grab/ lainnya),Biaya Murah,5,5,5,5,5,5,5,5,5,5,5,5,5,5,5,5,5,5,5,5,5,5,5,5,5,5
46 - 54 Tahun,4,Perempuan,2,IRT,SMA/ SMK,2 – 5 Juta,Memiliki,Pernah,1,1 – 6 x setahun,Jawa Barat,Wisata/ Rekreasi/ Kuliner,"Kawasan Malioboro, Hotel/ Penginapan, Area Tugu Yogyakarta (Pasar Kranggan, dll)","Kendaraan Sewa/ Transportasi  (Gojek, Grab, Taxi, dll)","Angkutan Umum (Bus, dll)","Biaya Murah, Ramah Lingkungan, Kenyamanan, Kemudahan",4,4,3,4,3,4,3,1,5,5,5,5,5,5,5,5,5,5,5,5,5,5,5,5,5,5
46 - 54 Tahun,4,Perempuan,2,Swasta/Karyawan/BUMN/BUMD,S1,2 – 5 Juta,Memiliki,Pernah,1,7 – 12x setahun,Jawa Tengah,Mengunjungi Keluarga,Hotel/ Penginapan,"Kendaraan Sewa/ Transportasi  (Gojek, Grab, Taxi, dll)",Menggunakan Aplikasi (Gojek/ Grab/ lainnya),"Waktu lebih singkat, Keamanan, Ramah Lingkungan, Pengalaman menarik, Kemudahan",5,5,5,5,3,3,3,2,5,5,5,5,5,5,5,5,5,5,5,5,5,5,5,5,5,5
12 - 25 Tahun,1,Perempuan,2,IRT,SMP,2 – 5 Juta,Memiliki,Pernah,1,1 – 4x sebulan,Jawa Barat,Wisata/ Rekreasi/ Kuliner,Hotel/ Penginapan,"Kendaraan Sewa/ Transportasi  (Gojek, Grab, Taxi, dll)",Menggunakan Aplikasi (Gojek/ Grab/ lainnya),Waktu lebih singkat,4,5,5,5,4,3,3,4,5,5,5,5,5,3,5,5,4,4,4,3,5,5,3,4,5,4
46 - 54 Tahun,4,Perempuan,2,Swasta/Karyawan/BUMN/BUMD,SMA/ SMK,5 – 8 Juta,Memiliki,Belum,2,7 – 12x setahun,Jawa Tengah,Wisata/ Rekreasi/ Kuliner,"Kawasan Malioboro, Hotel/ Penginapan, Area Keraton Yogyakarta, Area Tugu Yogyakarta (Pasar Kranggan, dll), Pasar Beringharjo","Angkutan Umum (Bus Trans Jogja, Damri, dll)","Angkutan Umum (Bus, dll)","Biaya Murah, Ramah Lingkungan",5,5,5,5,2,2,2,1,5,5,5,5,5,5,5,5,5,5,5,5,5,5,5,5,5,5
46 - 54 Tahun,4,Perempuan,2,Swasta/Karyawan/BUMN/BUMD,SMA/ SMK,2 – 5 Juta,Memiliki,Pernah,1,1 – 4x sebulan,D.I. Yogyakarta,Wisata/ Rekreasi/ Kuliner,"Kawasan Malioboro, Area Keraton Yogyakarta, Area Tugu Yogyakarta (Pasar Kranggan, dll)",Kendaraan Pribadi (Parkir di Stasiun/ Dijemput),Menggunakan Aplikasi (Gojek/ Grab/ lainnya),"Waktu lebih singkat, Biaya Murah, Keamanan, Kemudahan",4,4,5,5,4,4,3,2,5,5,5,5,5,5,5,5,5,5,5,5,5,5,4,4,4,4
46 - 54 Tahun,4,Perempuan,2,Swasta/Karyawan/BUMN/BUMD,D1 / D2/ D3,2 – 5 Juta,Memiliki,Pernah,1,1 – 6 x setahun,Jakarta dan sekitarnya,Wisata/ Rekreasi/ Kuliner,"Kawasan Malioboro, Hotel/ Penginapan, Area Keraton Yogyakarta, Area Tugu Yogyakarta (Pasar Kranggan, dll), Pasar Beringharjo","Kendaraan Sewa/ Transportasi  (Gojek, Grab, Taxi, dll)",Menggunakan Aplikasi (Gojek/ Grab/ lainnya),"Waktu lebih singkat, Kemudahan",4,4,4,4,3,3,2,3,4,4,4,5,4,4,5,5,5,5,5,5,5,5,5,5,5,5
46 - 54 Tahun,4,Perempuan,2,Swasta/Karyawan/BUMN/BUMD,D1 / D2/ D3,2 – 5 Juta,Memiliki,Belum,2,1 – 6 x setahun,Jawa Barat,Mengunjungi Keluarga,"Kawasan Malioboro, Area Keraton Yogyakarta, Area Tugu Yogyakarta (Pasar Kranggan, dll)",Kendaraan Pribadi (Parkir di Stasiun/ Dijemput),"Telpon/ WA/ SMS, lainnya","Keamanan, Kenyamanan, Kemudahan",4,4,4,4,3,3,3,3,4,4,4,4,4,4,4,4,4,4,4,4,4,4,4,4,4,4
12 - 25 Tahun,1,Perempuan,2,Swasta/Karyawan/BUMN/BUMD,S1,5 – 8 Juta,Memiliki,Pernah,1,1 – 6 x setahun,Jawa Barat,Wisata/ Rekreasi/ Kuliner,"Kawasan Malioboro, Hotel/ Penginapan, Area Keraton Yogyakarta, Area Tugu Yogyakarta (Pasar Kranggan, dll), Pasar Beringharjo, Museum Dirgantara","Kendaraan Sewa/ Transportasi  (Gojek, Grab, Taxi, dll)",Menggunakan Aplikasi (Gojek/ Grab/ lainnya),"Biaya Murah, Keamanan, Kenyamanan, Kemudahan",1,2,3,5,4,4,4,4,4,5,4,3,3,2,5,5,5,5,5,5,5,5,5,5,5,4
46 - 54 Tahun,4,Perempuan,2,Tidak/  Belum Bekerja,SMA/ SMK,"< 1,9 Juta",Memiliki,Pernah,1,1 – 6 x setahun,Jawa Barat,Wisata/ Rekreasi/ Kuliner,"Kawasan Malioboro, Hotel/ Penginapan, Area Keraton Yogyakarta, Area Tugu Yogyakarta (Pasar Kranggan, dll)","Kendaraan Sewa/ Transportasi  (Gojek, Grab, Taxi, dll)",Menggunakan Aplikasi (Gojek/ Grab/ lainnya),"Waktu lebih singkat, Biaya Murah, Keamanan, Kenyamanan, Kemudahan",4,4,3,4,5,5,4,3,5,5,5,5,5,5,5,5,5,4,5,5,5,5,5,4,5,5
46 - 54 Tahun,4,Perempuan,2,Pelajar/Mahasiswa,S1,"< 1,9 Juta",Memiliki,Pernah,1,1 – 6 x setahun,D.I. Yogyakarta,Mengunjungi Keluarga,"Kawasan Malioboro, Area Tugu Yogyakarta (Pasar Kranggan, dll), Pasar Beringharjo","Angkutan Umum (Bus Trans Jogja, Damri, dll)",Menggunakan Aplikasi (Gojek/ Grab/ lainnya),Biaya Murah,4,4,4,4,4,4,3,3,4,4,4,4,4,4,4,4,4,4,4,4,4,4,4,4,4,4
36 - 45 Tahun,3,Perempuan,2,IRT ,SMA/ SMK,"< 1,9 Juta",Tidak Memiliki,Belum,2,1 – 6 x setahun,Jawa Barat,Wisata/ Rekreasi/ Kuliner,Kawasan Malioboro,Kendaraan Pribadi (Parkir di Stasiun/ Dijemput),"Telpon/ WA/ SMS, lainnya","Waktu lebih singkat, Keamanan, Kenyamanan",4,4,4,4,4,4,4,1,4,4,4,4,4,4,5,5,5,5,5,5,5,5,5,4,5,5
36 - 45 Tahun,3,Perempuan,2,IRT,S1,2 – 5 Juta,Memiliki,Pernah,1,1 – 6 x setahun,Jawa Barat,Wisata/ Rekreasi/ Kuliner,"Kawasan Malioboro, Area Tugu Yogyakarta (Pasar Kranggan, dll), Pasar Beringharjo",Kendaraan Pribadi (Parkir di Stasiun/ Dijemput),Menggunakan kendaraan lain,Kenyamanan,5,4,4,4,4,4,5,4,5,5,5,4,4,4,5,5,5,5,5,5,5,5,5,5,5,5
46 - 54 Tahun,4,Perempuan,2,Swasta/Karyawan/BUMN/BUMD,SMA/ SMK,5 – 8 Juta,Memiliki,Pernah,1,1 – 6 x setahun,Jakarta dan sekitarnya,Mengunjungi Keluarga,"Kawasan Malioboro, Hotel/ Penginapan","Kendaraan Sewa/ Transportasi  (Gojek, Grab, Taxi, dll)",Menggunakan Aplikasi (Gojek/ Grab/ lainnya),"Waktu lebih singkat, Keamanan, Ramah Lingkungan, Kenyamanan, Kemudahan",3,4,5,4,5,5,5,4,4,4,4,3,3,3,5,5,4,5,5,5,4,5,5,5,4,5
46 - 54 Tahun,4,Perempuan,2,Wiraswasta,SMA/ SMK,5 – 8 Juta,Memiliki,Pernah,1,1 – 6 x setahun,Jawa Barat,Wisata/ Rekreasi/ Kuliner,"Kawasan Malioboro, Hotel/ Penginapan","Kendaraan Sewa/ Transportasi  (Gojek, Grab, Taxi, dll)",Menggunakan Aplikasi (Gojek/ Grab/ lainnya),"Waktu lebih singkat, Biaya Murah, Kemudahan",5,4,5,5,2,4,2,2,5,5,5,5,5,5,5,5,5,5,5,5,5,5,5,5,5,5
46 - 54 Tahun,4,Laki-laki,1,Swasta/Karyawan/BUMN/BUMD,SMA/ SMK,2 – 5 Juta,Memiliki,Pernah,1,1 – 6 x setahun,Jawa Tengah,Wisata/ Rekreasi/ Kuliner,"Kawasan Malioboro, Hotel/ Penginapan, Area Tugu Yogyakarta (Pasar Kranggan, dll)","Kendaraan Sewa/ Transportasi  (Gojek, Grab, Taxi, dll)",Menggunakan Aplikasi (Gojek/ Grab/ lainnya),Waktu lebih singkat,5,5,5,5,5,5,5,3,5,4,5,5,5,5,5,5,5,4,4,5,5,5,5,5,5,5
46 - 54 Tahun,4,Perempuan,2,Swasta/Karyawan/BUMN/BUMD,S1,5 – 8 Juta,Memiliki,Belum,2,7 – 12x setahun,Jawa Timur,Wisata/ Rekreasi/ Kuliner,"Kawasan Malioboro, Hotel/ Penginapan, Area Keraton Yogyakarta, Area Tugu Yogyakarta (Pasar Kranggan, dll), Pasar Beringharjo","Kendaraan Sewa/ Transportasi  (Gojek, Grab, Taxi, dll)",Menggunakan kendaraan lain,Waktu lebih singkat,5,4,4,4,4,4,4,4,3,3,4,4,4,3,4,4,3,4,4,3,4,4,4,4,4,4
12 - 25 Tahun,1,Perempuan,2,Pelajar/Mahasiswa,S1,2 – 5 Juta,Memiliki,Pernah,1,1 – 6 x setahun,D.I. Yogyakarta,Pendidikan,"Kawasan Malioboro, Area Tugu Yogyakarta (Pasar Kranggan, dll), Kaliurang, Sleman",Kendaraan Pribadi (Parkir di Stasiun/ Dijemput),Berjalan Kaki,"Waktu lebih singkat, Biaya Murah, Kemudahan",2,4,4,2,3,4,4,2,4,4,5,5,4,4,5,5,5,5,5,5,5,5,5,5,5,5
46 - 54 Tahun,4,Laki-laki,1,Tidak/  Belum Bekerja,SMP,"< 1,9 Juta",Tidak Memiliki,Belum,2,1 – 6 x setahun,Jawa Barat,Wisata/ Rekreasi/ Kuliner,Area Keraton Yogyakarta,"Angkutan Umum (Bus Trans Jogja, Damri, dll)","Angkutan Umum (Bus, dll)","Biaya Murah, Keamanan, Ramah Lingkungan, Pengalaman menarik, Kenyamanan, Kemudahan",5,5,5,5,4,4,4,2,5,5,5,5,5,5,5,5,5,4,4,4,4,5,5,5,5,5
12 - 25 Tahun,1,Perempuan,2,IRT,SMA/ SMK,2 – 5 Juta,Memiliki,Belum,2,1 – 6 x setahun,Jawa Tengah,Wisata/ Rekreasi/ Kuliner,Kawasan Malioboro,"Angkutan Umum (Bus Trans Jogja, Damri, dll)","Angkutan Umum (Bus, dll)","Biaya Murah, Kemudahan",3,4,4,4,3,3,3,3,4,4,4,4,3,3,4,4,4,4,4,4,4,3,4,4,4,4
36 - 45 Tahun,3,Laki-laki,1,Swasta/Karyawan/BUMN/BUMD,S1,2 – 5 Juta,Memiliki,Belum,2,1 – 6 x setahun,Jawa Timur,Wisata/ Rekreasi/ Kuliner,Kawasan Malioboro,"Angkutan Umum (Bus Trans Jogja, Damri, dll)","Angkutan Umum (Bus, dll)",Biaya Murah,2,2,2,2,4,4,3,4,3,3,3,3,3,3,4,4,4,4,4,4,4,5,4,5,4,4
46 - 54 Tahun,4,Perempuan,2,Wiraswasta,D1 / D2/ D3,5 – 8 Juta,Memiliki,Belum,2,1 – 6 x setahun,Jawa Timur,Wisata/ Rekreasi/ Kuliner,Hotel/ Penginapan,"Kendaraan Sewa/ Transportasi  (Gojek, Grab, Taxi, dll)","Telpon/ WA/ SMS, lainnya",Kenyamanan,1,5,5,5,4,4,1,1,3,3,3,5,3,3,5,5,5,5,5,5,5,5,3,5,4,5
12 - 25 Tahun,1,Perempuan,2,Swasta/Karyawan/BUMN/BUMD,S1,> 8 Juta,Memiliki,Pernah,1,1 – 6 x setahun,Jakarta dan sekitarnya,Wisata/ Rekreasi/ Kuliner,"Kawasan Malioboro, Hotel/ Penginapan, Area Keraton Yogyakarta, Area Tugu Yogyakarta (Pasar Kranggan, dll), Pasar Beringharjo, Taman Pintar","Kendaraan Sewa/ Transportasi  (Gojek, Grab, Taxi, dll)",Menggunakan Aplikasi (Gojek/ Grab/ lainnya),"Biaya Murah, Kenyamanan, Kemudahan",4,4,4,4,2,2,2,2,4,5,5,3,4,3,5,5,5,5,5,5,5,5,5,5,5,5
46 - 54 Tahun,4,Laki-laki,1,Swasta/Karyawan/BUMN/BUMD,D1 / D2/ D3,2 – 5 Juta,Memiliki,Pernah,1,1 – 4x sebulan,D.I. Yogyakarta,Wisata/ Rekreasi/ Kuliner,"Kawasan Malioboro, Area Tugu Yogyakarta (Pasar Kranggan, dll), Pasar Beringharjo","Angkutan Umum (Bus Trans Jogja, Damri, dll)",Menggunakan kendaraan lain,"Waktu lebih singkat, Biaya Murah, Ramah Lingkungan, Pengalaman menarik, Kenyamanan, Kemudahan",5,5,5,5,5,4,4,2,5,5,4,4,4,5,5,4,4,4,4,5,5,5,4,4,4,4
46 - 54 Tahun,4,Perempuan,2,IRT,SMA/ SMK,"< 1,9 Juta",Memiliki,Pernah,1,1 – 6 x setahun,Jawa Barat,Wisata/ Rekreasi/ Kuliner,"Kawasan Malioboro, Area Keraton Yogyakarta, Area Tugu Yogyakarta (Pasar Kranggan, dll), Pasar Beringharjo",Kendaraan Pribadi (Parkir di Stasiun/ Dijemput),Menggunakan Aplikasi (Gojek/ Grab/ lainnya),Kemudahan,5,1,5,5,1,1,1,1,5,5,5,5,5,5,5,5,5,5,5,5,5,5,5,5,5,5
46 - 54 Tahun,4,Laki-laki,1,Swasta/Karyawan/BUMN/BUMD,SMA/ SMK,2 – 5 Juta,Memiliki,Pernah,1,2 - 7x seminggu,Jawa Tengah,Bekerja,"Kawasan Malioboro, Hotel/ Penginapan, Area Keraton Yogyakarta, Area Tugu Yogyakarta (Pasar Kranggan, dll), Pasar Beringharjo","Kendaraan Sewa/ Transportasi  (Gojek, Grab, Taxi, dll)",Menggunakan Aplikasi (Gojek/ Grab/ lainnya),"Waktu lebih singkat, Biaya Murah, Keamanan, Kemudahan",5,5,5,5,1,2,1,1,5,5,5,5,5,5,4,5,5,5,5,4,5,5,5,5,5,3
36 - 45 Tahun,3,Laki-laki,1,Swasta/Karyawan/BUMN/BUMD,SMA/ SMK,"< 1,9 Juta",Memiliki,Belum,2,1 – 4x sebulan,Solo Raya,Wisata/ Rekreasi/ Kuliner,Kawasan Malioboro,Berjalan Kaki,Menggunakan Aplikasi (Gojek/ Grab/ lainnya),Kenyamanan,4,4,5,5,2,2,2,1,4,4,4,4,4,4,4,4,5,4,5,5,5,5,4,4,4,5
46 - 54 Tahun,4,Laki-laki,1,Swasta/Karyawan/BUMN/BUMD,SMA/ SMK,2 – 5 Juta,Memiliki,Pernah,1,1 – 6 x setahun,Jawa Timur,Wisata/ Rekreasi/ Kuliner,"Kawasan Malioboro, Hotel/ Penginapan, Area Keraton Yogyakarta, Area Tugu Yogyakarta (Pasar Kranggan, dll), Pasar Beringharjo","Angkutan Umum (Bus Trans Jogja, Damri, dll)","Angkutan Umum (Bus, dll)",Biaya Murah,4,4,4,4,4,4,4,4,5,4,4,4,4,4,4,4,4,4,5,5,5,5,5,5,5,5
46 - 54 Tahun,4,Perempuan,2,Swasta/Karyawan/BUMN/BUMD,SMA/ SMK,"< 1,9 Juta",Memiliki,Pernah,1,1 – 4x sebulan,Jakarta dan sekitarnya,Mengunjungi Keluarga,"Kawasan Malioboro, Pasar Beringharjo",Becak/ Delman,Berjalan Kaki,"Biaya Murah, Pengalaman menarik, Kemudahan",5,5,5,5,5,5,1,1,5,5,5,5,5,5,5,5,3,3,3,3,3,3,3,5,5,5
46 - 54 Tahun,4,Perempuan,2,IRT,SMA/ SMK,2 – 5 Juta,Memiliki,Pernah,1,1 – 6 x setahun,Jawa Barat,Wisata/ Rekreasi/ Kuliner,Kawasan Malioboro,"Kendaraan Sewa/ Transportasi  (Gojek, Grab, Taxi, dll)",Menggunakan Aplikasi (Gojek/ Grab/ lainnya),"Waktu lebih singkat, Keamanan",4,4,4,4,4,3,3,3,4,5,4,3,3,3,3,3,3,3,3,5,5,3,5,4,4,4
12 - 25 Tahun,1,Perempuan,2,Swasta/Karyawan/BUMN/BUMD,SMA/ SMK,2 – 5 Juta,Memiliki,Pernah,1,1 – 4x sebulan,Jawa Barat,Wisata/ Rekreasi/ Kuliner,"Kawasan Malioboro, Area Tugu Yogyakarta (Pasar Kranggan, dll)","Kendaraan Sewa/ Transportasi  (Gojek, Grab, Taxi, dll)",Menggunakan Aplikasi (Gojek/ Grab/ lainnya),"Waktu lebih singkat, Keamanan, Kenyamanan, Kemudahan",4,3,3,5,3,3,3,4,4,5,5,5,5,5,5,5,5,5,5,5,5,5,5,5,5,5
46 - 54 Tahun,4,Perempuan,2,Swasta/Karyawan/BUMN/BUMD,SMA/ SMK,2 – 5 Juta,Memiliki,Pernah,1,1 – 4x sebulan,Jakarta dan sekitarnya,Wisata/ Rekreasi/ Kuliner,Kawasan Malioboro,"Kendaraan Sewa/ Transportasi  (Gojek, Grab, Taxi, dll)",Menggunakan Aplikasi (Gojek/ Grab/ lainnya),"Biaya Murah, Kemudahan",4,4,5,5,2,1,1,5,5,5,5,5,5,5,5,5,5,5,5,5,5,5,5,5,5,5
12 - 25 Tahun,1,Perempuan,2,IRT ,SMA/ SMK,"< 1,9 Juta",Memiliki,Belum,2,1 – 6 x setahun,Jawa Tengah,Wisata/ Rekreasi/ Kuliner,"Kawasan Malioboro, Pasar Beringharjo","Kendaraan Sewa/ Transportasi  (Gojek, Grab, Taxi, dll)",Menggunakan Aplikasi (Gojek/ Grab/ lainnya),"Waktu lebih singkat, Biaya Murah",3,4,4,5,3,3,3,3,4,4,4,4,4,5,5,5,5,5,5,4,5,5,5,5,5,5
46 - 54 Tahun,4,Perempuan,2,Swasta/Karyawan/BUMN/BUMD,SMA/ SMK,"< 1,9 Juta",Memiliki,Pernah,1,1 – 6 x setahun,Jawa Tengah,Wisata/ Rekreasi/ Kuliner,Kawasan Malioboro,"Kendaraan Sewa/ Transportasi  (Gojek, Grab, Taxi, dll)",Menggunakan Aplikasi (Gojek/ Grab/ lainnya),"Biaya Murah, Keamanan, Kenyamanan, Kemudahan",5,4,4,4,4,4,3,2,5,5,4,4,4,4,4,5,4,5,4,4,4,4,4,4,4,4
12 - 25 Tahun,1,Laki-laki,1,Pelajar/Mahasiswa,SMA/ SMK,2 – 5 Juta,Memiliki,Pernah,1,2 - 7x seminggu,Jawa Tengah,Wisata/ Rekreasi/ Kuliner,"Kawasan Malioboro, Area Keraton Yogyakarta, Area Tugu Yogyakarta (Pasar Kranggan, dll)","Kendaraan Sewa/ Transportasi  (Gojek, Grab, Taxi, dll)",Menggunakan Aplikasi (Gojek/ Grab/ lainnya),Waktu lebih singkat,5,5,5,5,1,1,1,1,5,5,5,5,5,5,5,5,5,5,5,5,5,5,5,5,5,5
12 - 25 Tahun,1,Perempuan,2,Swasta/Karyawan/BUMN/BUMD,S1,2 – 5 Juta,Memiliki,Pernah,1,1 – 6 x setahun,Jakarta dan sekitarnya,Mengunjungi Keluarga,"Kawasan Malioboro, Area Keraton Yogyakarta, Pasar Beringharjo","Kendaraan Sewa/ Transportasi  (Gojek, Grab, Taxi, dll)","Telpon/ WA/ SMS, lainnya","Waktu lebih singkat, Kenyamanan, Kemudahan",5,5,4,5,4,4,2,2,5,5,5,5,5,5,5,5,5,5,5,5,5,5,5,5,5,5
46 - 54 Tahun,4,Perempuan,2,Swasta/Karyawan/BUMN/BUMD,SMA/ SMK,5 – 8 Juta,Memiliki,Pernah,1,1 – 6 x setahun,Jawa Barat,Wisata/ Rekreasi/ Kuliner,"Kawasan Malioboro, Hotel/ Penginapan","Kendaraan Sewa/ Transportasi  (Gojek, Grab, Taxi, dll)",Menggunakan Aplikasi (Gojek/ Grab/ lainnya),"Waktu lebih singkat, Keamanan, Kemudahan",4,4,4,5,4,3,4,3,5,5,5,5,5,5,5,5,5,5,5,5,5,5,5,5,5,5
46 - 54 Tahun,4,Laki-laki,1,Swasta/Karyawan/BUMN/BUMD,SMA/ SMK,2 – 5 Juta,Memiliki,Pernah,1,2 - 7x seminggu,D.I. Yogyakarta,Bekerja,Kawasan Malioboro,"Angkutan Umum (Bus Trans Jogja, Damri, dll)",Berjalan Kaki,"Waktu lebih singkat, Biaya Murah, Keamanan, Ramah Lingkungan, Kenyamanan, Kemudahan",4,3,4,4,2,2,2,3,4,4,4,4,4,4,4,4,4,4,3,4,5,4,5,4,5,4
46 - 54 Tahun,4,Laki-laki,1,Swasta/Karyawan/BUMN/BUMD,S1,5 – 8 Juta,Memiliki,Belum,2,1 – 6 x setahun,Jawa Timur,Wisata/ Rekreasi/ Kuliner,Kawasan Malioboro,"Kendaraan Sewa/ Transportasi  (Gojek, Grab, Taxi, dll)",Menggunakan Aplikasi (Gojek/ Grab/ lainnya),"Waktu lebih singkat, Kemudahan",4,4,4,4,4,4,4,4,4,4,4,4,4,4,4,4,4,4,4,4,4,4,4,4,4,4
46 - 54 Tahun,4,Perempuan,2,Swasta/Karyawan/BUMN/BUMD,S1,2 – 5 Juta,Memiliki,Belum,2,1 – 6 x setahun,Jawa Timur,Wisata/ Rekreasi/ Kuliner,Area Keraton Yogyakarta,"Kendaraan Sewa/ Transportasi  (Gojek, Grab, Taxi, dll)",Menggunakan Aplikasi (Gojek/ Grab/ lainnya),"Waktu lebih singkat, Kemudahan",4,4,4,4,4,4,4,4,4,4,4,4,4,4,4,4,4,4,4,4,4,4,4,4,4,4
46 - 54 Tahun,4,Perempuan,2,Tidak/  Belum Bekerja,S1,"< 1,9 Juta",Memiliki,Pernah,1,1 – 6 x setahun,Luar Pulau Jawa/ Via Kereta Bandara,Wisata/ Rekreasi/ Kuliner,"Kawasan Malioboro, Area Tugu Yogyakarta (Pasar Kranggan, dll)",Kendaraan Pribadi (Parkir di Stasiun/ Dijemput),Berjalan Kaki,Waktu lebih singkat,4,4,4,4,4,4,4,4,4,4,3,4,3,4,3,4,4,4,4,4,4,4,4,4,4,4
46 - 54 Tahun,4,Laki-laki,1,Swasta/Karyawan/BUMN/BUMD,SMA/ SMK,2 – 5 Juta,Memiliki,Pernah,1,1 – 6 x setahun,Solo Raya,Wisata/ Rekreasi/ Kuliner,"Kawasan Malioboro, Hotel/ Penginapan, Area Keraton Yogyakarta","Kendaraan Sewa/ Transportasi  (Gojek, Grab, Taxi, dll)",Menggunakan Aplikasi (Gojek/ Grab/ lainnya),"Waktu lebih singkat, Biaya Murah, Keamanan",5,5,5,5,4,4,4,4,5,5,5,5,4,4,5,5,5,5,5,5,5,5,5,5,5,5
46 - 54 Tahun,4,Laki-laki,1,Swasta/Karyawan/BUMN/BUMD,S2,2 – 5 Juta,Memiliki,Pernah,1,7 – 12x setahun,D.I. Yogyakarta,Wisata/ Rekreasi/ Kuliner,Kawasan Malioboro,"Angkutan Umum (Bus Trans Jogja, Damri, dll)",Motor,"Waktu lebih singkat, Biaya Murah",3,3,5,5,3,3,2,3,5,5,5,2,5,2,5,5,5,5,5,5,5,5,5,5,5,4
46 - 54 Tahun,4,Laki-laki,1,Swasta/Karyawan/BUMN/BUMD,SMA/ SMK,2 – 5 Juta,Memiliki,Belum,2,1 – 6 x setahun,Jawa Barat,Wisata/ Rekreasi/ Kuliner,"Kawasan Malioboro, Hotel/ Penginapan","Kendaraan Sewa/ Transportasi  (Gojek, Grab, Taxi, dll)",Menggunakan Aplikasi (Gojek/ Grab/ lainnya),"Waktu lebih singkat, Biaya Murah, Keamanan, Kenyamanan, Kemudahan",4,4,5,5,4,3,4,2,5,5,5,5,5,4,4,5,4,5,5,5,5,4,5,4,4,4
46 - 54 Tahun,4,Perempuan,2,Swasta/Karyawan/BUMN/BUMD,SMA/ SMK,2 – 5 Juta,Memiliki,Pernah,1,1 – 4x sebulan,Solo Raya,Wisata/ Rekreasi/ Kuliner,"Kawasan Malioboro, Hotel/ Penginapan, Area Keraton Yogyakarta, Area Tugu Yogyakarta (Pasar Kranggan, dll), Pasar Beringharjo","Kendaraan Sewa/ Transportasi  (Gojek, Grab, Taxi, dll)",Menggunakan Aplikasi (Gojek/ Grab/ lainnya),"Waktu lebih singkat, Keamanan, Kesehatan, Ramah Lingkungan, Pengalaman menarik, Kenyamanan, Kemudahan",5,5,5,5,1,1,1,1,5,5,5,5,5,5,5,5,5,5,5,5,5,1,5,5,5,5
46 - 54 Tahun,4,Laki-laki,1,Swasta/Karyawan/BUMN/BUMD,SMA/ SMK,2 – 5 Juta,Memiliki,Pernah,1,2 - 7x seminggu,Jawa Tengah,Bekerja,"Kawasan Malioboro, Hotel/ Penginapan, Area Keraton Yogyakarta, Area Tugu Yogyakarta (Pasar Kranggan, dll), Pasar Beringharjo","Kendaraan Sewa/ Transportasi  (Gojek, Grab, Taxi, dll)",Menggunakan Aplikasi (Gojek/ Grab/ lainnya),"Waktu lebih singkat, Biaya Murah, Kemudahan",5,5,5,5,1,1,2,1,5,5,5,5,5,5,5,5,5,5,5,5,5,5,5,5,5,3
12 - 25 Tahun,1,Laki-laki,1,Swasta/Karyawan/BUMN/BUMD,SMA/ SMK,2 – 5 Juta,Memiliki,Pernah,1,1 – 6 x setahun,Jawa Barat,Wisata/ Rekreasi/ Kuliner,"Kawasan Malioboro, Hotel/ Penginapan","Angkutan Umum (Bus Trans Jogja, Damri, dll)",Berjalan Kaki,"Biaya Murah, Kemudahan",5,4,4,5,1,2,1,1,5,5,5,5,5,5,4,5,5,4,5,5,5,5,5,4,5,5
46 - 54 Tahun,4,Laki-laki,1,Swasta/Karyawan/BUMN/BUMD,S1,2 – 5 Juta,Memiliki,Pernah,1,1 – 6 x setahun,Jawa Tengah,Wisata/ Rekreasi/ Kuliner,Hotel/ Penginapan,Kendaraan Pribadi (Parkir di Stasiun/ Dijemput),"Telpon/ WA/ SMS, lainnya",Kemudahan,4,4,4,4,5,5,5,3,4,4,4,4,4,4,5,5,5,5,5,5,5,5,4,4,4,5
46 - 54 Tahun,4,Perempuan,2,IRT ,SMA/ SMK,2 – 5 Juta,Memiliki,Pernah,1,1 – 6 x setahun,Jawa Barat,Mengunjungi Keluarga,"Kawasan Malioboro, Area Keraton Yogyakarta, Area Tugu Yogyakarta (Pasar Kranggan, dll)","Angkutan Umum (Bus Trans Jogja, Damri, dll)","Angkutan Umum (Bus, dll)","Biaya Murah, Ramah Lingkungan",4,3,4,4,3,3,4,2,4,4,4,4,5,3,5,4,3,4,4,4,4,3,4,5,5,5
36 - 45 Tahun,3,Laki-laki,1,Swasta/Karyawan/BUMN/BUMD,D1 / D2/ D3,2 – 5 Juta,Memiliki,Belum,2,1 – 4x sebulan,Jawa Barat,Mengunjungi Keluarga,Kawasan Malioboro,"Kendaraan Sewa/ Transportasi  (Gojek, Grab, Taxi, dll)",Menggunakan Aplikasi (Gojek/ Grab/ lainnya),Biaya Murah,5,5,5,5,2,2,2,1,5,5,5,5,5,5,5,5,5,5,5,5,5,5,5,5,5,5
46 - 54 Tahun,4,Perempuan,2,Swasta/Karyawan/BUMN/BUMD,SMA/ SMK,2 – 5 Juta,Memiliki,Pernah,1,1 – 6 x setahun,Jawa Tengah,Wisata/ Rekreasi/ Kuliner,"Kawasan Malioboro, Area Tugu Yogyakarta (Pasar Kranggan, dll), Pasar Beringharjo",Becak/ Delman,Berjalan Kaki,"Biaya Murah, Ramah Lingkungan, Pengalaman menarik, Kenyamanan",4,3,4,5,3,3,3,1,5,5,5,4,5,3,3,2,4,3,4,4,5,5,5,5,5,4
46 - 54 Tahun,4,Perempuan,2,Wiraswasta,SMA/ SMK,2 – 5 Juta,Memiliki,Belum,2,1 – 6 x setahun,Jakarta dan sekitarnya,Wisata/ Rekreasi/ Kuliner,"Kawasan Malioboro, Hotel/ Penginapan, Pasar Beringharjo","Kendaraan Sewa/ Transportasi  (Gojek, Grab, Taxi, dll)",Menggunakan Aplikasi (Gojek/ Grab/ lainnya),"Waktu lebih singkat, Biaya Murah, Keamanan, Kenyamanan, Kemudahan",5,4,5,5,3,3,3,2,1,4,3,5,4,5,5,5,5,5,5,5,5,5,5,5,4,5
46 - 54 Tahun,4,Perempuan,2,Swasta/Karyawan/BUMN/BUMD,SMA/ SMK,"< 1,9 Juta",Tidak Memiliki,Belum,2,1 – 6 x setahun,Jawa Tengah,Wisata/ Rekreasi/ Kuliner,Area Keraton Yogyakarta,Becak/ Delman,Menggunakan kendaraan lain,"Waktu lebih singkat, Kemudahan",4,5,4,5,4,4,1,1,4,4,5,5,5,5,5,5,5,5,5,4,5,4,5,5,5,5
46 - 54 Tahun,4,Perempuan,2,IRT ,SMA/ SMK,"< 1,9 Juta",Memiliki,Pernah,1,1 – 6 x setahun,Jawa Barat,Wisata/ Rekreasi/ Kuliner,"Kawasan Malioboro, Pasar Beringharjo",Kendaraan Pribadi (Parkir di Stasiun/ Dijemput),Menggunakan Aplikasi (Gojek/ Grab/ lainnya),"Waktu lebih singkat, Biaya Murah, Ramah Lingkungan",5,4,4,4,3,3,3,3,3,4,4,4,4,4,5,4,4,5,5,4,5,5,5,4,4,3
46 - 54 Tahun,4,Perempuan,2,Wiraswasta,SMP,> 8 Juta,Memiliki,Pernah,1,1 – 4x sebulan,D.I. Yogyakarta,Wisata/ Rekreasi/ Kuliner,Kawasan Malioboro,"Kendaraan Sewa/ Transportasi  (Gojek, Grab, Taxi, dll)",Menggunakan Aplikasi (Gojek/ Grab/ lainnya),"Waktu lebih singkat, Biaya Murah, Keamanan, Kenyamanan",5,5,5,5,3,3,3,3,5,5,5,5,5,5,5,5,5,5,5,5,5,5,5,5,5,5
46 - 54 Tahun,4,Laki-laki,1,Swasta/Karyawan/BUMN/BUMD,SMP,2 – 5 Juta,Memiliki,Belum,2,1 – 6 x setahun,Jakarta dan sekitarnya,Bekerja,Kawasan Malioboro,"Angkutan Umum (Bus Trans Jogja, Damri, dll)",Menggunakan Aplikasi (Gojek/ Grab/ lainnya),"Biaya Murah, Ramah Lingkungan, Kenyamanan, Kemudahan",5,5,5,5,5,5,5,4,4,4,4,5,5,5,4,5,5,5,5,5,5,5,5,5,5,5
46 - 54 Tahun,4,Laki-laki,1,Swasta/Karyawan/BUMN/BUMD,SMA/ SMK,2 – 5 Juta,Memiliki,Pernah,1,1 – 6 x setahun,Jawa Tengah,Mengunjungi Keluarga,Kawasan Malioboro,"Angkutan Umum (Bus Trans Jogja, Damri, dll)",Menggunakan Aplikasi (Gojek/ Grab/ lainnya),Keamanan,1,5,5,5,4,4,1,1,5,5,5,5,5,5,3,3,3,3,3,3,3,3,3,5,5,5
46 - 54 Tahun,4,Perempuan,2,Swasta/Karyawan/BUMN/BUMD,SMA/ SMK,2 – 5 Juta,Memiliki,Pernah,1,7 – 12x setahun,D.I. Yogyakarta,Wisata/ Rekreasi/ Kuliner,"Kawasan Malioboro, Area Tugu Yogyakarta (Pasar Kranggan, dll), Pasar Beringharjo","Angkutan Umum (Bus Trans Jogja, Damri, dll)",Berjalan Kaki,"Waktu lebih singkat, Biaya Murah, Kemudahan",2,2,5,5,3,3,3,3,5,5,5,2,2,2,5,5,4,4,5,4,4,4,4,4,4,4
46 - 54 Tahun,4,Perempuan,2,Swasta/Karyawan/BUMN/BUMD,D1 / D2/ D3,2 – 5 Juta,Memiliki,Pernah,1,1 – 4x sebulan,Solo Raya,Wisata/ Rekreasi/ Kuliner,"Kawasan Malioboro, Hotel/ Penginapan, Area Tugu Yogyakarta (Pasar Kranggan, dll)","Kendaraan Sewa/ Transportasi  (Gojek, Grab, Taxi, dll)",Menggunakan Aplikasi (Gojek/ Grab/ lainnya),"Waktu lebih singkat, Biaya Murah, Kenyamanan, Kemudahan",5,5,5,5,2,2,2,2,4,5,4,4,4,4,4,4,4,4,4,4,4,4,4,5,5,4
46 - 54 Tahun,4,Laki-laki,1,Swasta/Karyawan/BUMN/BUMD,SMA/ SMK,2 – 5 Juta,Memiliki,Pernah,1,1 – 4x sebulan,Jawa Tengah,Mengunjungi Keluarga,"Area Tugu Yogyakarta (Pasar Kranggan, dll)","Kendaraan Sewa/ Transportasi  (Gojek, Grab, Taxi, dll)",Menggunakan Aplikasi (Gojek/ Grab/ lainnya),"Waktu lebih singkat, Biaya Murah",5,4,4,5,1,1,2,1,5,5,5,4,4,4,3,3,4,4,4,3,5,5,5,5,5,5
46 - 54 Tahun,4,Perempuan,2,Tidak/  Belum Bekerja,S1,"< 1,9 Juta",Memiliki,Pernah,1,1 – 6 x setahun,Luar Pulau Jawa/ Via Kereta Bandara,Wisata/ Rekreasi/ Kuliner,"Kawasan Malioboro, Hotel/ Penginapan","Angkutan Umum (Bus Trans Jogja, Damri, dll)","Angkutan Umum (Bus, dll)",Biaya Murah,5,5,5,5,3,2,1,1,5,5,5,5,4,4,4,5,5,5,5,5,5,5,5,5,5,5
12 - 25 Tahun,1,Perempuan,2,IRT,SMP,2 – 5 Juta,Memiliki,Pernah,1,1 – 6 x setahun,D.I. Yogyakarta,Mengunjungi Keluarga,Area Keraton Yogyakarta,"Angkutan Umum (Bus Trans Jogja, Damri, dll)","Angkutan Umum (Bus, dll)","Biaya Murah, Keamanan, Pengalaman menarik, Kemudahan",5,5,5,5,5,5,2,1,5,5,5,5,5,5,5,4,5,5,5,5,5,5,4,5,5,5
12 - 25 Tahun,1,Laki-laki,1,Pelajar/Mahasiswa,SMA/ SMK,2 – 5 Juta,Tidak Memiliki,Pernah,1,2 - 7x seminggu,Solo Raya,Pendidikan,"Kawasan Malioboro, Area Keraton Yogyakarta, Area Tugu Yogyakarta (Pasar Kranggan, dll)","Angkutan Umum (Bus Trans Jogja, Damri, dll)",Berjalan Kaki,Biaya Murah,5,4,4,5,5,5,5,4,4,4,5,5,5,4,4,5,5,5,4,4,4,5,4,4,5,5
46 - 54 Tahun,4,Laki-laki,1,Swasta/Karyawan/BUMN/BUMD,S1,> 8 Juta,Memiliki,Pernah,1,1 – 6 x setahun,Luar Pulau Jawa/ Via Kereta Bandara,Wisata/ Rekreasi/ Kuliner,"Kawasan Malioboro, Area Keraton Yogyakarta, Pasar Beringharjo","Kendaraan Sewa/ Transportasi  (Gojek, Grab, Taxi, dll)",Menggunakan Aplikasi (Gojek/ Grab/ lainnya),"Biaya Murah, Pengalaman menarik",4,4,4,4,2,3,2,2,4,4,4,4,4,4,4,4,5,5,5,5,5,4,5,4,5,5
46 - 54 Tahun,4,Laki-laki,1,Swasta/Karyawan/BUMN/BUMD,S1,2 – 5 Juta,Memiliki,Pernah,1,1 – 6 x setahun,Jakarta dan sekitarnya,Wisata/ Rekreasi/ Kuliner,"Kawasan Malioboro, Hotel/ Penginapan",Becak/ Delman,Berjalan Kaki,"Ramah Lingkungan, Pengalaman menarik, Kemudahan",5,5,5,5,2,2,2,2,5,5,5,5,5,5,5,5,5,5,5,4,5,5,5,5,5,5
46 - 54 Tahun,4,Laki-laki,1,Swasta/Karyawan/BUMN/BUMD,SMA/ SMK,2 – 5 Juta,Tidak Memiliki,Belum,2,1 – 6 x setahun,Jakarta dan sekitarnya,Mengunjungi Keluarga,"Kawasan Malioboro, Area Keraton Yogyakarta, Area Tugu Yogyakarta (Pasar Kranggan, dll)","Angkutan Umum (Bus Trans Jogja, Damri, dll)","Angkutan Umum (Bus, dll)",Pengalaman menarik,5,5,5,5,4,4,4,4,5,5,4,5,4,5,5,5,5,5,5,5,5,5,5,5,5,5
46 - 54 Tahun,4,Laki-laki,1,Swasta/Karyawan/BUMN/BUMD,SMA/ SMK,2 – 5 Juta,Memiliki,Belum,2,1 – 6 x setahun,Jawa Tengah,Kegiatan Jual/ Beli/ Transaksi,"Area Tugu Yogyakarta (Pasar Kranggan, dll)","Kendaraan Sewa/ Transportasi  (Gojek, Grab, Taxi, dll)",Menggunakan Aplikasi (Gojek/ Grab/ lainnya),"Waktu lebih singkat, Kenyamanan, Kemudahan",3,3,3,3,3,3,3,3,3,3,3,3,5,5,5,5,5,5,5,5,5,5,5,5,5,5
46 - 54 Tahun,4,Perempuan,2,Swasta/Karyawan/BUMN/BUMD,D1 / D2/ D3,5 – 8 Juta,Memiliki,Belum,2,1 – 6 x setahun,Jawa Barat,Wisata/ Rekreasi/ Kuliner,Hotel/ Penginapan,"Kendaraan Sewa/ Transportasi  (Gojek, Grab, Taxi, dll)",Menggunakan Aplikasi (Gojek/ Grab/ lainnya),Waktu lebih singkat,5,5,5,5,3,3,4,2,4,5,5,5,4,4,4,4,5,5,5,4,5,5,5,5,4,4
12 - 25 Tahun,1,Laki-laki,1,Tidak/  Belum Bekerja,SMA/ SMK,"< 1,9 Juta",Memiliki,Belum,2,1 – 4x sebulan,Jawa Tengah,Wisata/ Rekreasi/ Kuliner,Kawasan Malioboro,"Kendaraan Sewa/ Transportasi  (Gojek, Grab, Taxi, dll)",Menggunakan Aplikasi (Gojek/ Grab/ lainnya),"Biaya Murah, Keamanan, Ramah Lingkungan, Pengalaman menarik, Kemudahan",5,5,5,5,5,5,5,5,5,5,5,5,5,5,5,5,5,5,5,5,5,5,5,5,5,5
12 - 25 Tahun,1,Laki-laki,1,Swasta/Karyawan/BUMN/BUMD,S1,2 – 5 Juta,Memiliki,Pernah,1,1 – 6 x setahun,Solo Raya,Wisata/ Rekreasi/ Kuliner,"Kawasan Malioboro, Hotel/ Penginapan",Berjalan Kaki,Berjalan Kaki,"Ramah Lingkungan, Pengalaman menarik",4,4,4,4,3,3,3,3,4,5,5,4,4,5,4,5,5,5,4,5,4,4,4,4,4,4
12 - 25 Tahun,1,Perempuan,2,Swasta/Karyawan/BUMN/BUMD,SMA/ SMK,2 – 5 Juta,Memiliki,Pernah,1,1 – 6 x setahun,Jawa Barat,Wisata/ Rekreasi/ Kuliner,"Area Tugu Yogyakarta (Pasar Kranggan, dll)","Kendaraan Sewa/ Transportasi  (Gojek, Grab, Taxi, dll)",Menggunakan Aplikasi (Gojek/ Grab/ lainnya),Kenyamanan,5,5,5,5,3,3,1,1,5,5,5,5,5,5,5,5,5,5,5,5,5,5,5,5,5,5
12 - 25 Tahun,1,Perempuan,2,Swasta/Karyawan/BUMN/BUMD,SMA/ SMK,2 – 5 Juta,Memiliki,Pernah,1,1 – 4x sebulan,D.I. Yogyakarta,Bekerja,Kawasan Malioboro,"Kendaraan Sewa/ Transportasi  (Gojek, Grab, Taxi, dll)",Menggunakan Aplikasi (Gojek/ Grab/ lainnya),Kemudahan,5,4,5,5,4,5,1,1,5,5,5,4,5,5,5,4,4,5,5,4,5,4,5,5,5,5
46 - 54 Tahun,4,Perempuan,2,Swasta/Karyawan/BUMN/BUMD,SMA/ SMK,2 – 5 Juta,Memiliki,Belum,2,1 – 6 x setahun,Jawa Tengah,Wisata/ Rekreasi/ Kuliner,"Kawasan Malioboro, Area Keraton Yogyakarta, Area Tugu Yogyakarta (Pasar Kranggan, dll)","Kendaraan Sewa/ Transportasi  (Gojek, Grab, Taxi, dll)",Menggunakan Aplikasi (Gojek/ Grab/ lainnya),"Waktu lebih singkat, Biaya Murah, Kenyamanan, Kemudahan",5,5,4,5,2,2,2,3,4,4,5,5,5,5,5,5,5,5,5,5,5,5,5,5,4,5
46 - 54 Tahun,4,Perempuan,2,Swasta/Karyawan/BUMN/BUMD,SMA/ SMK,"< 1,9 Juta",Memiliki,Pernah,1,1 – 6 x setahun,Jakarta dan sekitarnya,Mengunjungi Keluarga,Kawasan Malioboro,"Kendaraan Sewa/ Transportasi  (Gojek, Grab, Taxi, dll)",Menggunakan Aplikasi (Gojek/ Grab/ lainnya),"Waktu lebih singkat, Biaya Murah, Keamanan, Kenyamanan, Kemudahan",5,4,4,5,5,5,3,1,5,5,5,4,4,5,5,5,5,5,5,5,5,4,5,5,4,5
46 - 54 Tahun,4,Laki-laki,1,Swasta/Karyawan/BUMN/BUMD,SMA/ SMK,"< 1,9 Juta",Memiliki,Belum,2,1 – 4x sebulan,Solo Raya,Wisata/ Rekreasi/ Kuliner,"Kawasan Malioboro, Area Tugu Yogyakarta (Pasar Kranggan, dll)",Becak/ Delman,Menggunakan kendaraan lain,"Waktu lebih singkat, Biaya Murah, Keamanan, Kenyamanan, Kemudahan",4,3,4,5,4,3,3,2,5,5,5,5,4,5,5,4,4,3,4,5,5,4,4,4,5,5
46 - 54 Tahun,4,Laki-laki,1,Swasta/Karyawan/BUMN/BUMD,SMA/ SMK,2 – 5 Juta,Memiliki,Pernah,1,1 – 4x sebulan,Jawa Barat,Wisata/ Rekreasi/ Kuliner,"Kawasan Malioboro, Hotel/ Penginapan, Area Keraton Yogyakarta, Area Tugu Yogyakarta (Pasar Kranggan, dll), Pasar Beringharjo","Kendaraan Sewa/ Transportasi  (Gojek, Grab, Taxi, dll)",Menggunakan Aplikasi (Gojek/ Grab/ lainnya),"Waktu lebih singkat, Biaya Murah, Kemudahan",4,4,4,4,3,2,2,2,4,4,4,4,4,4,5,3,4,4,4,3,5,5,4,5,5,4
12 - 25 Tahun,1,Laki-laki,1,Tidak/  Belum Bekerja,SMA/ SMK,"< 1,9 Juta",Tidak Memiliki,Belum,2,1 – 4x sebulan,Jawa Tengah,Wisata/ Rekreasi/ Kuliner,"Kawasan Malioboro, Area Keraton Yogyakarta, Area Tugu Yogyakarta (Pasar Kranggan, dll), Pasar Beringharjo, ","Kendaraan Sewa/ Transportasi  (Gojek, Grab, Taxi, dll)",Menggunakan Aplikasi (Gojek/ Grab/ lainnya),"Waktu lebih singkat, Biaya Murah, Keamanan, Kesehatan, Ramah Lingkungan, Pengalaman menarik, Kenyamanan, Kemudahan, ",5,5,5,5,5,5,5,5,5,5,5,5,5,5,5,5,5,4,4,4,4,5,4,5,4,5
12 - 25 Tahun,1,Perempuan,2,Swasta/Karyawan/BUMN/BUMD,SMA/ SMK,"< 1,9 Juta",Tidak Memiliki,Pernah,1,1 – 6 x setahun,Jawa Tengah,Wisata/ Rekreasi/ Kuliner,"Kawasan Malioboro, Hotel/ Penginapan, Area Tugu Yogyakarta (Pasar Kranggan, dll)",Berjalan Kaki,Berjalan Kaki,"Ramah Lingkungan, Pengalaman menarik",4,4,4,4,3,3,3,3,5,5,4,3,3,3,5,4,4,5,5,5,5,5,5,5,5,4
12 - 25 Tahun,1,Perempuan,2,Swasta/Karyawan/BUMN/BUMD,SMA/ SMK,2 – 5 Juta,Memiliki,Pernah,1,1 – 4x sebulan,Jawa Tengah,Wisata/ Rekreasi/ Kuliner,"Kawasan Malioboro, Area Keraton Yogyakarta, Area Tugu Yogyakarta (Pasar Kranggan, dll)","Angkutan Umum (Bus Trans Jogja, Damri, dll)","Angkutan Umum (Bus, dll)","Waktu lebih singkat, Biaya Murah, Kenyamanan",5,4,3,4,3,4,4,5,4,4,4,5,5,4,5,5,5,5,5,5,5,5,5,5,5,5
46 - 54 Tahun,4,Laki-laki,1,Swasta/Karyawan/BUMN/BUMD,SMA/ SMK,"< 1,9 Juta",Memiliki,Pernah,1,1 – 4x sebulan,Jakarta dan sekitarnya,Wisata/ Rekreasi/ Kuliner,"Kawasan Malioboro, Hotel/ Penginapan, Area Keraton Yogyakarta, Area Tugu Yogyakarta (Pasar Kranggan, dll)","Angkutan Umum (Bus Trans Jogja, Damri, dll)","Angkutan Umum (Bus, dll)","Biaya Murah, Ramah Lingkungan, Kenyamanan, Kemudahan",5,5,5,5,1,1,1,1,5,5,5,5,5,5,5,5,5,5,5,5,5,5,5,5,5,5
46 - 54 Tahun,4,Laki-laki,1,Swasta/Karyawan/BUMN/BUMD,SMA/ SMK,2 – 5 Juta,Tidak Memiliki,Belum,2,1 – 6 x setahun,Jawa Barat,Wisata/ Rekreasi/ Kuliner,"Kawasan Malioboro, Area Keraton Yogyakarta","Angkutan Umum (Bus Trans Jogja, Damri, dll)","Angkutan Umum (Bus, dll)",Biaya Murah,5,5,4,5,5,5,4,5,4,5,5,5,5,4,5,5,5,4,5,5,4,5,5,4,5,5
46 - 54 Tahun,4,Perempuan,2,Swasta/Karyawan/BUMN/BUMD,SMA/ SMK,2 – 5 Juta,Memiliki,Pernah,1,1 – 4x sebulan,Solo Raya,Mengunjungi Keluarga,"Kawasan Malioboro, Pasar Beringharjo",Kendaraan Pribadi (Parkir di Stasiun/ Dijemput),"Telpon/ WA/ SMS, lainnya",Waktu lebih singkat,5,5,5,5,1,1,1,1,5,5,5,5,5,5,5,5,5,5,5,5,5,5,5,5,5,5
12 - 25 Tahun,1,Perempuan,2,IRT,SMP,"< 1,9 Juta",Memiliki,Belum,2,1 – 6 x setahun,Jawa Timur,Wisata/ Rekreasi/ Kuliner,"Kawasan Malioboro, Hotel/ Penginapan","Kendaraan Sewa/ Transportasi  (Gojek, Grab, Taxi, dll)",Menggunakan Aplikasi (Gojek/ Grab/ lainnya),"Biaya Murah, Kenyamanan, Kemudahan",4,4,4,3,4,4,4,3,4,4,4,4,4,4,4,4,4,4,4,4,4,4,4,4,4,4
12 - 25 Tahun,1,Perempuan,2,Tidak/  Belum Bekerja,SMA/ SMK,"< 1,9 Juta",Tidak Memiliki,Belum,2,1 – 6 x setahun,Jawa Tengah,Wisata/ Rekreasi/ Kuliner,"Kawasan Malioboro, Area Keraton Yogyakarta, Area Tugu Yogyakarta (Pasar Kranggan, dll), Pasar Beringharjo","Kendaraan Sewa/ Transportasi  (Gojek, Grab, Taxi, dll)",Menggunakan Aplikasi (Gojek/ Grab/ lainnya),"Waktu lebih singkat, Kesehatan, Ramah Lingkungan, Pengalaman menarik, Kenyamanan, Kemudahan",5,5,5,5,5,5,5,5,5,5,5,5,5,5,5,5,5,4,4,4,4,4,4,4,4,4
46 - 54 Tahun,4,Perempuan,2,Swasta/Karyawan/BUMN/BUMD,SMP,"< 1,9 Juta",Memiliki,Belum,2,1 – 6 x setahun,Jakarta dan sekitarnya,Wisata/ Rekreasi/ Kuliner,"Kawasan Malioboro, Hotel/ Penginapan, Area Keraton Yogyakarta, Area Tugu Yogyakarta (Pasar Kranggan, dll), Pasar Beringharjo","Kendaraan Sewa/ Transportasi  (Gojek, Grab, Taxi, dll)",Menggunakan Aplikasi (Gojek/ Grab/ lainnya),"Waktu lebih singkat, Kenyamanan, Kemudahan",4,3,5,3,3,3,2,3,4,4,4,5,4,4,4,4,4,4,4,4,4,4,4,4,4,4
12 - 25 Tahun,1,Laki-laki,1,Swasta/Karyawan/BUMN/BUMD,SMA/ SMK,"< 1,9 Juta",Memiliki,Pernah,1,1 – 4x sebulan,Jawa Tengah,Wisata/ Rekreasi/ Kuliner,"Kawasan Malioboro, Area Tugu Yogyakarta (Pasar Kranggan, dll)",Kendaraan Pribadi (Parkir di Stasiun/ Dijemput),Berjalan Kaki,Ramah Lingkungan,5,5,4,5,5,5,5,1,5,5,5,5,5,5,5,5,5,5,5,5,5,5,5,5,5,5
46 - 54 Tahun,4,Perempuan,2,Wiraswasta,SMA/ SMK,2 – 5 Juta,Memiliki,Pernah,1,2 - 7x seminggu,Jawa Barat,Wisata/ Rekreasi/ Kuliner,"Kawasan Malioboro, Hotel/ Penginapan, Area Keraton Yogyakarta","Kendaraan Sewa/ Transportasi  (Gojek, Grab, Taxi, dll)",Menggunakan Aplikasi (Gojek/ Grab/ lainnya),"Waktu lebih singkat, Biaya Murah, Keamanan",5,5,5,5,5,5,5,5,5,5,5,5,5,5,5,5,5,5,5,5,5,5,5,5,5,5
46 - 54 Tahun,4,Perempuan,2,Swasta/Karyawan/BUMN/BUMD,SMA/ SMK,2 – 5 Juta,Memiliki,Pernah,1,1 – 4x sebulan,Solo Raya,Mengunjungi Keluarga,"Area Tugu Yogyakarta (Pasar Kranggan, dll)","Kendaraan Sewa/ Transportasi  (Gojek, Grab, Taxi, dll)",Menggunakan Aplikasi (Gojek/ Grab/ lainnya),"Waktu lebih singkat, Biaya Murah, Kenyamanan, Kemudahan",5,3,5,5,3,3,1,2,5,5,5,5,5,4,5,5,5,5,5,5,5,5,5,5,5,5
46 - 54 Tahun,4,Laki-laki,1,Swasta/Karyawan/BUMN/BUMD,S1,5 – 8 Juta,Memiliki,Pernah,1,1 – 6 x setahun,Jawa Barat,Bekerja,"Kawasan Malioboro, Hotel/ Penginapan, Area Keraton Yogyakarta, Pasar Beringharjo","Kendaraan Sewa/ Transportasi  (Gojek, Grab, Taxi, dll)",Menggunakan Aplikasi (Gojek/ Grab/ lainnya),"Waktu lebih singkat, Keamanan, Pengalaman menarik, Kemudahan",5,5,5,5,4,4,4,4,5,5,4,4,2,2,4,4,4,4,5,5,5,5,2,4,5,2
12 - 25 Tahun,1,Laki-laki,1,Swasta/Karyawan/BUMN/BUMD,SMA/ SMK,"< 1,9 Juta",Tidak Memiliki,Belum,2,1 – 4x sebulan,Jawa Tengah,Wisata/ Rekreasi/ Kuliner,Kawasan Malioboro,"Kendaraan Sewa/ Transportasi  (Gojek, Grab, Taxi, dll)",Menggunakan Aplikasi (Gojek/ Grab/ lainnya),"Waktu lebih singkat, Keamanan, Ramah Lingkungan, Pengalaman menarik, Kemudahan",4,4,4,4,4,4,4,4,4,4,4,4,3,3,3,4,4,5,5,5,5,4,5,5,5,5
12 - 25 Tahun,1,Perempuan,2,Swasta/Karyawan/BUMN/BUMD,SMA/ SMK,"< 1,9 Juta",Tidak Memiliki,Belum,2,1 – 6 x setahun,Jawa Timur,Wisata/ Rekreasi/ Kuliner,"Kawasan Malioboro, Area Keraton Yogyakarta, Area Tugu Yogyakarta (Pasar Kranggan, dll)","Kendaraan Sewa/ Transportasi  (Gojek, Grab, Taxi, dll)",Menggunakan Aplikasi (Gojek/ Grab/ lainnya),"Biaya Murah, Pengalaman menarik, Kenyamanan, Kemudahan",5,5,5,5,5,5,5,5,5,5,5,5,5,5,5,5,4,4,4,4,4,4,4,4,4,4
12 - 25 Tahun,1,Perempuan,2,Swasta/Karyawan/BUMN/BUMD,SMA/ SMK,"< 1,9 Juta",Tidak Memiliki,Belum,2,1 – 6 x setahun,Jawa Timur,Wisata/ Rekreasi/ Kuliner,Kawasan Malioboro,"Kendaraan Sewa/ Transportasi  (Gojek, Grab, Taxi, dll)",Menggunakan Aplikasi (Gojek/ Grab/ lainnya),"Waktu lebih singkat, Keamanan",5,5,5,5,5,5,5,5,5,5,5,5,5,5,5,5,5,5,5,5,5,5,5,5,5,3
12 - 25 Tahun,1,Perempuan,2,Swasta/Karyawan/BUMN/BUMD,SMA/ SMK,2 – 5 Juta,Memiliki,Belum,2,1 – 6 x setahun,Jawa Tengah,Mengunjungi Keluarga,Kawasan Malioboro,"Kendaraan Sewa/ Transportasi  (Gojek, Grab, Taxi, dll)",Menggunakan Aplikasi (Gojek/ Grab/ lainnya),Biaya Murah,3,4,4,3,3,4,3,3,3,4,4,4,3,3,3,3,4,4,4,4,4,4,4,4,4,4
46 - 54 Tahun,4,Laki-laki,1,Tidak/  Belum Bekerja,SMA/ SMK,"< 1,9 Juta",Tidak Memiliki,Belum,2,1 – 6 x setahun,Jawa Tengah,Wisata/ Rekreasi/ Kuliner,Kawasan Malioboro,"Kendaraan Sewa/ Transportasi  (Gojek, Grab, Taxi, dll)",Menggunakan Aplikasi (Gojek/ Grab/ lainnya),"Waktu lebih singkat, Biaya Murah, Keamanan, Kesehatan, Ramah Lingkungan, Pengalaman menarik, Kenyamanan, Kemudahan",5,5,5,5,5,5,5,5,5,5,5,5,5,5,5,5,5,5,5,5,5,5,5,5,5,5
46 - 54 Tahun,4,Perempuan,2,Swasta/Karyawan/BUMN/BUMD,SMA/ SMK,2 – 5 Juta,Memiliki,Belum,2,1 – 6 x setahun,Jawa Timur,Mengunjungi Keluarga,"Kawasan Malioboro, Pasar Beringharjo","Kendaraan Sewa/ Transportasi  (Gojek, Grab, Taxi, dll)",Menggunakan Aplikasi (Gojek/ Grab/ lainnya),Biaya Murah,4,5,4,4,4,4,4,4,4,4,4,3,4,4,3,4,4,4,4,4,4,3,5,1,2,4
46 - 54 Tahun,4,Laki-laki,1,Swasta/Karyawan/BUMN/BUMD,D1 / D2/ D3,2 – 5 Juta,Memiliki,Pernah,1,1 – 6 x setahun,Jakarta dan sekitarnya,Wisata/ Rekreasi/ Kuliner,Hotel/ Penginapan,"Kendaraan Sewa/ Transportasi  (Gojek, Grab, Taxi, dll)",Menggunakan Aplikasi (Gojek/ Grab/ lainnya),Keamanan,3,4,4,4,3,3,3,2,4,4,4,4,4,4,5,5,5,5,5,5,5,5,4,4,4,4
46 - 54 Tahun,4,Perempuan,2,Tidak/  Belum Bekerja,SMA/ SMK,"< 1,9 Juta",Memiliki,Belum,2,7 – 12x setahun,Jawa Tengah,Wisata/ Rekreasi/ Kuliner,"Kawasan Malioboro, Pasar Beringharjo","Kendaraan Sewa/ Transportasi  (Gojek, Grab, Taxi, dll)",Menggunakan Aplikasi (Gojek/ Grab/ lainnya),"Biaya Murah, Kemudahan",4,5,4,5,3,4,4,3,4,5,5,5,4,4,5,5,5,5,5,5,5,5,5,5,5,5
46 - 54 Tahun,4,Perempuan,2,Pelajar/Mahasiswa,SMA/ SMK,"< 1,9 Juta",Memiliki,Pernah,1,1 – 4x sebulan,Jawa Barat,Mengunjungi Keluarga,"Area Tugu Yogyakarta (Pasar Kranggan, dll)",Becak/ Delman,Berjalan Kaki,"Waktu lebih singkat, Biaya Murah, Ramah Lingkungan, Pengalaman menarik, Kenyamanan",5,5,5,4,5,4,4,1,5,5,5,4,4,4,5,4,5,4,4,5,4,4,3,5,5,4
46 - 54 Tahun,4,Laki-laki,1,Swasta/Karyawan/BUMN/BUMD,SMA/ SMK,5 – 8 Juta,Memiliki,Pernah,1,1 – 4x sebulan,Solo Raya,Mengunjungi Keluarga,Hotel/ Penginapan,"Kendaraan Sewa/ Transportasi  (Gojek, Grab, Taxi, dll)",Menggunakan Aplikasi (Gojek/ Grab/ lainnya),"Waktu lebih singkat, Biaya Murah, Pengalaman menarik",5,5,5,5,5,1,1,1,5,5,5,5,5,5,5,5,4,5,5,5,5,5,5,5,5,5
46 - 54 Tahun,4,Laki-laki,1,Swasta/Karyawan/BUMN/BUMD,S1,> 8 Juta,Memiliki,Pernah,1,7 – 12x setahun,Luar Pulau Jawa/ Via Kereta Bandara,Wisata/ Rekreasi/ Kuliner,"Kawasan Malioboro, Area Keraton Yogyakarta, Area Tugu Yogyakarta (Pasar Kranggan, dll)","Kendaraan Sewa/ Transportasi  (Gojek, Grab, Taxi, dll)",Menggunakan Aplikasi (Gojek/ Grab/ lainnya),"Biaya Murah, Pengalaman menarik, Kemudahan",2,4,5,4,2,2,1,1,5,5,5,5,4,3,5,5,4,4,4,4,3,4,4,5,4,4
46 - 54 Tahun,4,Perempuan,2,Tidak/  Belum Bekerja,SMA/ SMK,"< 1,9 Juta",Memiliki,Belum,2,1 – 4x sebulan,Jakarta dan sekitarnya,Wisata/ Rekreasi/ Kuliner,Kawasan Malioboro,"Angkutan Umum (Bus Trans Jogja, Damri, dll)","Angkutan Umum (Bus, dll)",Biaya Murah,3,2,2,3,1,1,4,5,3,3,3,3,3,3,3,3,3,3,3,3,3,3,3,3,3,3
46 - 54 Tahun,4,Laki-laki,1,Swasta/Karyawan/BUMN/BUMD,SMA/ SMK,> 8 Juta,Memiliki,Pernah,1,1 – 6 x setahun,Luar Pulau Jawa/ Via Kereta Bandara,Wisata/ Rekreasi/ Kuliner,"Hotel/ Penginapan, Area Keraton Yogyakarta, Pasar Beringharjo","Kendaraan Sewa/ Transportasi  (Gojek, Grab, Taxi, dll)",Menggunakan Aplikasi (Gojek/ Grab/ lainnya),"Biaya Murah, Kenyamanan",4,4,4,5,1,1,1,1,4,4,5,4,4,4,5,5,4,4,5,5,4,5,4,4,4,4
46 - 54 Tahun,4,Laki-laki,1,Swasta/Karyawan/BUMN/BUMD,D1 / D2/ D3,2 – 5 Juta,Memiliki,Pernah,1,1 – 6 x setahun,Solo Raya,Wisata/ Rekreasi/ Kuliner,"Kawasan Malioboro, Hotel/ Penginapan, Area Keraton Yogyakarta, Area Tugu Yogyakarta (Pasar Kranggan, dll), Pasar Beringharjo","Kendaraan Sewa/ Transportasi  (Gojek, Grab, Taxi, dll)",Menggunakan Aplikasi (Gojek/ Grab/ lainnya),"Waktu lebih singkat, Biaya Murah",4,4,4,4,2,2,2,2,4,4,4,4,4,4,5,5,4,4,4,4,5,4,4,4,4,4
46 - 54 Tahun,4,Laki-laki,1,Tidak/  Belum Bekerja,SD,"< 1,9 Juta",Memiliki,Belum,2,2 - 7x seminggu,Jawa Barat,Mengunjungi Keluarga,"Area Tugu Yogyakarta (Pasar Kranggan, dll)","Angkutan Umum (Bus Trans Jogja, Damri, dll)","Angkutan Umum (Bus, dll)",Biaya Murah,4,4,4,5,4,3,4,1,5,4,4,4,5,5,5,5,5,4,4,4,5,5,5,5,5,5
46 - 54 Tahun,4,Perempuan,2,IRT,SMA/ SMK,5 – 8 Juta,Memiliki,Pernah,1,1 – 4x sebulan,Jawa Tengah,Mengunjungi Keluarga,"Kawasan Malioboro, Hotel/ Penginapan","Kendaraan Sewa/ Transportasi  (Gojek, Grab, Taxi, dll)",Menggunakan Aplikasi (Gojek/ Grab/ lainnya),"Biaya Murah, Kenyamanan, Kemudahan",4,4,4,4,5,4,4,3,4,4,5,4,4,5,5,5,5,5,5,5,5,5,5,5,3,5
46 - 54 Tahun,4,Laki-laki,1,Swasta/Karyawan/BUMN/BUMD,SMA/ SMK,"< 1,9 Juta",Memiliki,Pernah,1,1 – 4x sebulan,Jawa Timur,Mengunjungi Keluarga,"Kawasan Malioboro, Hotel/ Penginapan, Area Tugu Yogyakarta (Pasar Kranggan, dll)","Kendaraan Sewa/ Transportasi  (Gojek, Grab, Taxi, dll)",Berjalan Kaki,"Waktu lebih singkat, Biaya Murah, Ramah Lingkungan, Pengalaman menarik",5,5,5,5,5,5,1,1,5,5,5,5,5,5,5,5,5,5,5,5,5,5,5,5,5,5
12 - 25 Tahun,1,Perempuan,2,Swasta/Karyawan/BUMN/BUMD,D1 / D2/ D3,5 – 8 Juta,Memiliki,Pernah,1,1 – 6 x setahun,Jawa Barat,Wisata/ Rekreasi/ Kuliner,"Kawasan Malioboro, Hotel/ Penginapan, Area Tugu Yogyakarta (Pasar Kranggan, dll)","Kendaraan Sewa/ Transportasi  (Gojek, Grab, Taxi, dll)",Menggunakan Aplikasi (Gojek/ Grab/ lainnya),"Waktu lebih singkat, Keamanan, Kenyamanan, Kemudahan",5,4,5,4,3,3,3,3,5,5,5,4,4,4,4,4,4,4,4,4,4,4,4,4,4,4
46 - 54 Tahun,4,Laki-laki,1,Swasta/Karyawan/BUMN/BUMD,S1,2 – 5 Juta,Memiliki,Pernah,1,1 – 4x sebulan,Solo Raya,Wisata/ Rekreasi/ Kuliner,"Kawasan Malioboro, Area Tugu Yogyakarta (Pasar Kranggan, dll)","Kendaraan Sewa/ Transportasi  (Gojek, Grab, Taxi, dll)",Menggunakan Aplikasi (Gojek/ Grab/ lainnya),"Biaya Murah, Kenyamanan, Kemudahan",4,5,5,4,3,1,3,3,4,5,5,3,4,4,5,5,4,4,4,4,5,4,5,5,4,5
12 - 25 Tahun,1,Perempuan,2,Swasta/Karyawan/BUMN/BUMD,S1,2 – 5 Juta,Memiliki,Pernah,1,1 – 6 x setahun,Jawa Barat,Wisata/ Rekreasi/ Kuliner,"Kawasan Malioboro, Area Keraton Yogyakarta, Area Tugu Yogyakarta (Pasar Kranggan, dll)","Kendaraan Sewa/ Transportasi  (Gojek, Grab, Taxi, dll)",Menggunakan Aplikasi (Gojek/ Grab/ lainnya),Waktu lebih singkat,5,5,5,5,3,3,3,3,3,5,4,4,5,4,4,4,4,4,4,5,5,5,5,4,5,5
46 - 54 Tahun,4,Laki-laki,1,Swasta/Karyawan/BUMN/BUMD,SMA/ SMK,2 – 5 Juta,Memiliki,Pernah,1,2 - 7x seminggu,Jawa Barat,Wisata/ Rekreasi/ Kuliner,"Kawasan Malioboro, Area Tugu Yogyakarta (Pasar Kranggan, dll)","Kendaraan Sewa/ Transportasi  (Gojek, Grab, Taxi, dll)",Menggunakan Aplikasi (Gojek/ Grab/ lainnya),"Waktu lebih singkat, Kemudahan",5,5,5,5,2,2,2,1,5,5,5,5,5,4,5,5,4,5,5,5,5,5,5,5,5,5
36 - 45 Tahun,3,Perempuan,2,IRT,SMA/ SMK,"< 1,9 Juta",Memiliki,Pernah,1,1 – 6 x setahun,Jakarta dan sekitarnya,Mengunjungi Keluarga,"Area Tugu Yogyakarta (Pasar Kranggan, dll)","Kendaraan Sewa/ Transportasi  (Gojek, Grab, Taxi, dll)",Menggunakan Aplikasi (Gojek/ Grab/ lainnya),"Waktu lebih singkat, Biaya Murah, Keamanan, Kesehatan, Kenyamanan, Kemudahan",5,5,5,5,5,5,5,1,5,5,5,5,5,5,5,5,5,5,5,5,5,5,5,5,5,5
46 - 54 Tahun,4,Laki-laki,1,Swasta/Karyawan/BUMN/BUMD,SMA/ SMK,2 – 5 Juta,Memiliki,Belum,2,1 – 6 x setahun,Jawa Barat,Wisata/ Rekreasi/ Kuliner,Kawasan Malioboro,"Kendaraan Sewa/ Transportasi  (Gojek, Grab, Taxi, dll)",Menggunakan Aplikasi (Gojek/ Grab/ lainnya),"Waktu lebih singkat, Kesehatan, Kemudahan",5,5,5,5,1,1,1,1,5,5,5,5,5,5,5,5,5,5,5,5,5,5,5,5,5,5
46 - 54 Tahun,4,Laki-laki,1,Tidak/  Belum Bekerja,SMA/ SMK,"< 1,9 Juta",Memiliki,Pernah,1,1 – 6 x setahun,Solo Raya,Mengunjungi Keluarga,"Kawasan Malioboro, Area Keraton Yogyakarta",Becak/ Delman,Berjalan Kaki,"Biaya Murah, Kenyamanan",4,4,4,4,2,2,2,2,4,4,4,4,4,4,4,4,4,4,4,4,4,4,4,4,4,4
12 - 25 Tahun,1,Perempuan,2,Pelajar/Mahasiswa,SMA/ SMK,"< 1,9 Juta",Memiliki,Pernah,1,7 – 12x setahun,Jawa Barat,Pendidikan,Kawasan Malioboro,"Kendaraan Sewa/ Transportasi  (Gojek, Grab, Taxi, dll)",Menggunakan Aplikasi (Gojek/ Grab/ lainnya),"Waktu lebih singkat, Biaya Murah, Keamanan",5,5,5,5,2,2,2,2,5,5,5,5,5,5,5,5,5,5,5,5,5,5,5,5,5,5
46 - 54 Tahun,4,Laki-laki,1,Swasta/Karyawan/BUMN/BUMD,SMA/ SMK,2 – 5 Juta,Memiliki,Pernah,1,7 – 12x setahun,Solo Raya,Wisata/ Rekreasi/ Kuliner,"Kawasan Malioboro, Area Tugu Yogyakarta (Pasar Kranggan, dll)","Angkutan Umum (Bus Trans Jogja, Damri, dll)","Angkutan Umum (Bus, dll)","Biaya Murah, Ramah Lingkungan, Pengalaman menarik, Kenyamanan",5,5,5,5,5,4,1,1,5,5,5,5,5,5,5,5,5,5,5,5,5,5,5,5,5,5
12 - 25 Tahun,1,Laki-laki,1,Swasta/Karyawan/BUMN/BUMD,SMP,"< 1,9 Juta",Memiliki,Belum,2,1 – 6 x setahun,D.I. Yogyakarta,Wisata/ Rekreasi/ Kuliner,Kawasan Malioboro,"Kendaraan Sewa/ Transportasi  (Gojek, Grab, Taxi, dll)",Menggunakan Aplikasi (Gojek/ Grab/ lainnya),"Biaya Murah, Keamanan",4,4,4,5,4,4,4,4,4,4,4,4,5,4,4,4,4,4,4,4,4,4,4,4,4,4
46 - 54 Tahun,4,Perempuan,2,Swasta/Karyawan/BUMN/BUMD,SMA/ SMK,2 – 5 Juta,Memiliki,Pernah,1,1 – 6 x setahun,Jakarta dan sekitarnya,Mengunjungi Keluarga,"Kawasan Malioboro, Area Keraton Yogyakarta, Area Tugu Yogyakarta (Pasar Kranggan, dll)","Kendaraan Sewa/ Transportasi  (Gojek, Grab, Taxi, dll)",Menggunakan Aplikasi (Gojek/ Grab/ lainnya),"Waktu lebih singkat, Pengalaman menarik, Kemudahan",5,5,5,5,5,2,3,2,5,5,5,5,5,5,5,5,5,5,5,5,5,5,5,5,5,5
46 - 54 Tahun,4,Perempuan,2,IRT,D1 / D2/ D3,2 – 5 Juta,Memiliki,Belum,2,1 – 6 x setahun,Jawa Barat,Wisata/ Rekreasi/ Kuliner,"Kawasan Malioboro, Hotel/ Penginapan, Area Keraton Yogyakarta","Kendaraan Sewa/ Transportasi  (Gojek, Grab, Taxi, dll)",Berjalan Kaki,"Waktu lebih singkat, Biaya Murah, Kenyamanan",3,3,4,4,4,4,4,3,4,4,3,4,3,4,4,4,4,4,4,4,5,5,3,4,3,4
36 - 45 Tahun,3,Laki-laki,1,Swasta/Karyawan/BUMN/BUMD,SMA/ SMK,2 – 5 Juta,Memiliki,Belum,2,1 – 6 x setahun,Jawa Timur,Ibadah,"Area Tugu Yogyakarta (Pasar Kranggan, dll)",Berjalan Kaki,Berjalan Kaki,Ramah Lingkungan,2,3,2,3,4,3,3,4,4,3,3,2,2,4,3,3,3,1,3,4,3,2,5,3,3,2
12 - 25 Tahun,1,Laki-laki,1,Swasta/Karyawan/BUMN/BUMD,SMA/ SMK,2 – 5 Juta,Memiliki,Belum,2,1 – 6 x setahun,D.I. Yogyakarta,Wisata/ Rekreasi/ Kuliner,"Kawasan Malioboro, Hotel/ Penginapan, Area Keraton Yogyakarta, Area Tugu Yogyakarta (Pasar Kranggan, dll)","Angkutan Umum (Bus Trans Jogja, Damri, dll)",Berjalan Kaki,"Biaya Murah, Keamanan, Kenyamanan, Kemudahan",3,4,4,4,3,2,2,3,4,4,4,4,4,4,5,5,5,5,4,4,5,3,5,4,3,5
46 - 54 Tahun,4,Laki-laki,1,Swasta/Karyawan/BUMN/BUMD,SMA/ SMK,2 – 5 Juta,Memiliki,Pernah,1,1 – 6 x setahun,Jawa Tengah,Wisata/ Rekreasi/ Kuliner,"Kawasan Malioboro, Hotel/ Penginapan, Area Keraton Yogyakarta, Area Tugu Yogyakarta (Pasar Kranggan, dll), Pasar Beringharjo","Kendaraan Sewa/ Transportasi  (Gojek, Grab, Taxi, dll)",Menggunakan Aplikasi (Gojek/ Grab/ lainnya),"Waktu lebih singkat, Keamanan, Kenyamanan, Kemudahan",5,5,5,5,4,3,4,2,5,5,5,5,5,5,5,5,5,5,5,5,5,5,5,5,5,5
> 54 Tahun,5,Laki-laki,1,Swasta/Karyawan/BUMN/BUMD,D1 / D2/ D3,5 – 8 Juta,Memiliki,Pernah,1,1 – 4x sebulan,Jawa Tengah,Wisata/ Rekreasi/ Kuliner,"Kawasan Malioboro, Area Keraton Yogyakarta, Pasar Beringharjo","Kendaraan Sewa/ Transportasi  (Gojek, Grab, Taxi, dll)",Menggunakan Aplikasi (Gojek/ Grab/ lainnya),"Waktu lebih singkat, Biaya Murah, Keamanan, Kesehatan, Pengalaman menarik, Kenyamanan, Kemudahan",5,5,5,5,5,5,5,5,5,5,5,5,5,5,5,5,5,5,5,5,5,5,5,5,5,5
> 54 Tahun,5,Laki-laki,1,Swasta/Karyawan/BUMN/BUMD,S1,5 – 8 Juta,Memiliki,Pernah,1,1 – 6 x setahun,Jawa Tengah,Wisata/ Rekreasi/ Kuliner,"Kawasan Malioboro, Hotel/ Penginapan, Area Keraton Yogyakarta, Area Tugu Yogyakarta (Pasar Kranggan, dll), Pasar Beringharjo","Kendaraan Sewa/ Transportasi  (Gojek, Grab, Taxi, dll)",Menggunakan Aplikasi (Gojek/ Grab/ lainnya),"Waktu lebih singkat, Biaya Murah, Keamanan, Kesehatan, Pengalaman menarik, Kenyamanan, Kemudahan",5,5,5,5,2,1,3,1,5,5,5,5,5,5,5,5,5,5,5,5,5,5,5,5,5,5
26 - 35 Tahun,2,Perempuan,2,Swasta/Karyawan/BUMN/BUMD,S1,2 – 5 Juta,Memiliki,Pernah,1,1 – 6 x setahun,Jakarta dan sekitarnya,Wisata/ Rekreasi/ Kuliner,"Kawasan Malioboro, Area Keraton Yogyakarta","Kendaraan Sewa/ Transportasi  (Gojek, Grab, Taxi, dll)",Menggunakan Aplikasi (Gojek/ Grab/ lainnya),Biaya Murah,5,5,5,5,5,3,3,2,5,5,5,5,5,5,5,5,5,5,5,5,5,5,5,5,5,5
12 - 25 Tahun,1,Perempuan,2,IRT ,SMA/ SMK,"< 1,9 Juta",Tidak Memiliki,Belum,2,1 – 6 x setahun,Jawa Timur,Wisata/ Rekreasi/ Kuliner,"Kawasan Malioboro, Area Tugu Yogyakarta (Pasar Kranggan, dll), Pantai Parangtritis ",Kendaraan Pribadi (Parkir di Stasiun/ Dijemput),"Telpon/ WA/ SMS, lainnya","Waktu lebih singkat, Biaya Murah, Keamanan, Kesehatan, Ramah Lingkungan, Pengalaman menarik, Kenyamanan, Kemudahan",2,1,4,5,5,4,5,4,3,4,3,3,4,3,5,5,5,5,5,5,5,5,5,5,5,5
> 54 Tahun,5,Laki-laki,1,Swasta/Karyawan/BUMN/BUMD,D1 / D2/ D3,2 – 5 Juta,Memiliki,Pernah,1,1 – 6 x setahun,Jawa Tengah,Bekerja,Kawasan Malioboro,Kendaraan Pribadi (Parkir di Stasiun/ Dijemput),Menggunakan Aplikasi (Gojek/ Grab/ lainnya),"Waktu lebih singkat, Biaya Murah, Kemudahan",5,5,5,5,1,1,1,1,5,5,5,5,5,5,5,5,5,5,5,5,5,5,5,5,5,5
> 54 Tahun,5,Laki-laki,1,Swasta/Karyawan/BUMN/BUMD,SMA/ SMK,5 – 8 Juta,Memiliki,Pernah,1,1 – 4x sebulan,Jawa Tengah,Wisata/ Rekreasi/ Kuliner,"Kawasan Malioboro, Hotel/ Penginapan, Area Keraton Yogyakarta, Area Tugu Yogyakarta (Pasar Kranggan, dll)",Becak/ Delman,Berjalan Kaki,"Ramah Lingkungan, Pengalaman menarik, Kemudahan",4,5,5,4,5,5,4,3,5,5,5,4,4,3,5,5,5,5,5,5,4,5,4,5,5,5
> 54 Tahun,5,Perempuan,2,Swasta/Karyawan/BUMN/BUMD,D1 / D2/ D3,5 – 8 Juta,Memiliki,Pernah,1,2 - 7x seminggu,D.I. Yogyakarta,Wisata/ Rekreasi/ Kuliner,Kawasan Malioboro,"Kendaraan Sewa/ Transportasi  (Gojek, Grab, Taxi, dll)",Menggunakan Aplikasi (Gojek/ Grab/ lainnya),Waktu lebih singkat,5,5,5,5,2,1,1,1,5,5,5,5,5,5,5,5,5,5,5,4,4,5,5,5,5,5
36 - 45 Tahun,3,Perempuan,2,IRT,SMA/ SMK,2 – 5 Juta,Memiliki,Pernah,1,1 – 6 x setahun,Jawa Timur,Wisata/ Rekreasi/ Kuliner,"Kawasan Malioboro, Area Keraton Yogyakarta, Area Tugu Yogyakarta (Pasar Kranggan, dll), Pasar Beringharjo",Becak/ Delman,Menggunakan kendaraan lain,"Waktu lebih singkat, Biaya Murah, Keamanan, Kesehatan, Ramah Lingkungan, Pengalaman menarik, Kenyamanan, Kemudahan",5,5,5,4,4,5,5,5,5,5,5,5,5,5,5,5,5,5,5,5,5,5,4,5,5,5
> 54 Tahun,5,Perempuan,2,IRT,SMA/ SMK,2 – 5 Juta,Memiliki,Pernah,1,1 – 6 x setahun,Solo Raya,Wisata/ Rekreasi/ Kuliner,Kawasan Malioboro,"Kendaraan Sewa/ Transportasi  (Gojek, Grab, Taxi, dll)",Menggunakan Aplikasi (Gojek/ Grab/ lainnya),Waktu lebih singkat,3,3,4,5,3,3,2,1,5,5,5,5,4,4,5,5,5,5,5,5,5,5,5,5,5,5
12 - 25 Tahun,1,Laki-laki,1,Swasta/Karyawan/BUMN/BUMD,SMA/ SMK,"< 1,9 Juta",Tidak Memiliki,Pernah,1,1 – 4x sebulan,Jawa Tengah,Wisata/ Rekreasi/ Kuliner,"Kawasan Malioboro, Area Keraton Yogyakarta","Angkutan Umum (Bus Trans Jogja, Damri, dll)","Angkutan Umum (Bus, dll)","Waktu lebih singkat, Biaya Murah, Keamanan",4,5,5,4,1,1,2,1,5,4,4,5,4,5,5,4,5,4,5,4,5,4,4,1,4,1
> 54 Tahun,5,Perempuan,2,Swasta/Karyawan/BUMN/BUMD,SMA/ SMK,2 – 5 Juta,Memiliki,Pernah,1,1 – 6 x setahun,Jawa Timur,Wisata/ Rekreasi/ Kuliner,"Kawasan Malioboro, Area Keraton Yogyakarta, Area Tugu Yogyakarta (Pasar Kranggan, dll), Pasar Beringharjo","Angkutan Umum (Bus Trans Jogja, Damri, dll)",Menggunakan Aplikasi (Gojek/ Grab/ lainnya),"Waktu lebih singkat, Biaya Murah, Kenyamanan",5,5,5,5,3,3,1,1,5,5,5,5,5,5,5,5,5,5,5,5,5,5,5,5,5,5
> 54 Tahun,5,Perempuan,2,Swasta/Karyawan/BUMN/BUMD,S1,5 – 8 Juta,Memiliki,Belum,2,1 – 6 x setahun,Jawa Timur,Wisata/ Rekreasi/ Kuliner,"Kawasan Malioboro, Hotel/ Penginapan, Area Keraton Yogyakarta, Area Tugu Yogyakarta (Pasar Kranggan, dll), Pasar Beringharjo","Kendaraan Sewa/ Transportasi  (Gojek, Grab, Taxi, dll)",Menggunakan Aplikasi (Gojek/ Grab/ lainnya),"Waktu lebih singkat, Kenyamanan, Kemudahan",5,3,4,4,4,4,2,3,4,4,4,5,4,4,4,4,5,5,4,4,4,4,4,4,5,5
> 54 Tahun,5,Perempuan,2,IRT,SMA/ SMK,"< 1,9 Juta",Memiliki,Pernah,1,1 – 4x sebulan,Solo Raya,Mengunjungi Keluarga,Kawasan Malioboro,Becak/ Delman,Berjalan Kaki,Pengalaman menarik,4,3,4,5,4,4,4,4,4,4,4,5,3,3,5,5,5,5,5,5,5,5,5,5,5,5
> 54 Tahun,5,Laki-laki,1,Swasta/Karyawan/BUMN/BUMD,S1,5 – 8 Juta,Memiliki,Pernah,1,7 – 12x setahun,Jawa Barat,Wisata/ Rekreasi/ Kuliner,"Kawasan Malioboro, Hotel/ Penginapan, Area Keraton Yogyakarta, Area Tugu Yogyakarta (Pasar Kranggan, dll), Pasar Beringharjo","Angkutan Umum (Bus Trans Jogja, Damri, dll)","Angkutan Umum (Bus, dll)","Waktu lebih singkat, Biaya Murah, Kenyamanan, Kemudahan",4,4,4,4,5,5,5,5,4,4,4,4,2,2,2,2,5,5,5,5,4,4,4,4,5,5
> 54 Tahun,5,Perempuan,2,Swasta/Karyawan/BUMN/BUMD,SMA/ SMK,2 – 5 Juta,Memiliki,Belum,2,1 – 4x sebulan,Jawa Tengah,Mengunjungi Keluarga,Kawasan Malioboro,"Kendaraan Sewa/ Transportasi  (Gojek, Grab, Taxi, dll)",Menggunakan Aplikasi (Gojek/ Grab/ lainnya),Biaya Murah,5,5,5,5,1,1,1,1,5,5,5,5,5,5,5,5,5,5,5,5,5,5,5,5,5,5
> 54 Tahun,5,Laki-laki,1,Swasta/Karyawan/BUMN/BUMD,S1,"< 1,9 Juta",Memiliki,Belum,2,1 – 4x sebulan,Jawa Tengah,Wisata/ Rekreasi/ Kuliner,Kawasan Malioboro,"Kendaraan Sewa/ Transportasi  (Gojek, Grab, Taxi, dll)",Menggunakan Aplikasi (Gojek/ Grab/ lainnya),Waktu lebih singkat,5,5,4,5,4,5,5,4,4,4,4,4,4,4,4,4,5,4,5,4,5,4,4,5,4,4
36 - 45 Tahun,3,Laki-laki,1,Swasta/Karyawan/BUMN/BUMD,S1,> 8 Juta,Memiliki,Pernah,1,1 – 6 x setahun,Luar Pulau Jawa/ Via Kereta Bandara,Wisata/ Rekreasi/ Kuliner,"Kawasan Malioboro, Area Keraton Yogyakarta","Kendaraan Sewa/ Transportasi  (Gojek, Grab, Taxi, dll)",Menggunakan Aplikasi (Gojek/ Grab/ lainnya),"Waktu lebih singkat, Biaya Murah, Pengalaman menarik, Kemudahan",5,5,5,5,1,1,1,1,5,5,5,5,5,5,5,5,5,5,5,5,5,5,5,5,5,5
> 54 Tahun,5,Laki-laki,1,Tidak/  Belum Bekerja,SMA/ SMK,"< 1,9 Juta",Memiliki,Pernah,1,1 – 6 x setahun,Jawa Barat,Wisata/ Rekreasi/ Kuliner,"Kawasan Malioboro, Hotel/ Penginapan, Area Keraton Yogyakarta, Area Tugu Yogyakarta (Pasar Kranggan, dll), Pasar Beringharjo","Kendaraan Sewa/ Transportasi  (Gojek, Grab, Taxi, dll)",Menggunakan Aplikasi (Gojek/ Grab/ lainnya),"Waktu lebih singkat, Biaya Murah, Kenyamanan, Kemudahan",5,5,5,5,3,4,3,3,5,5,5,5,5,5,5,5,5,5,5,5,5,5,5,5,4,5
> 54 Tahun,5,Perempuan,2,ASN/TNI/Polri,S1,5 – 8 Juta,Memiliki,Pernah,1,1 – 4x sebulan,Jakarta dan sekitarnya,Wisata/ Rekreasi/ Kuliner,Pasar Beringharjo,"Kendaraan Sewa/ Transportasi  (Gojek, Grab, Taxi, dll)",Menggunakan Aplikasi (Gojek/ Grab/ lainnya),Kemudahan,4,3,2,5,4,5,4,1,4,5,4,5,4,3,5,5,4,5,4,2,5,5,5,4,4,2
> 54 Tahun,5,Laki-laki,1,Tidak/  Belum Bekerja,SMA/ SMK,"< 1,9 Juta",Memiliki,Pernah,1,1 – 6 x setahun,Jawa Tengah,Wisata/ Rekreasi/ Kuliner,"Kawasan Malioboro, Hotel/ Penginapan, Area Keraton Yogyakarta, Area Tugu Yogyakarta (Pasar Kranggan, dll), Pasar Beringharjo",Becak/ Delman,Berjalan Kaki,"Waktu lebih singkat, Biaya Murah, Keamanan, Ramah Lingkungan, Pengalaman menarik, Kenyamanan, Kemudahan",5,5,5,5,1,1,1,1,5,5,5,5,5,5,5,5,5,5,5,5,5,5,5,5,5,5
> 54 Tahun,5,Perempuan,2,Swasta/Karyawan/BUMN/BUMD,S1,5 – 8 Juta,Memiliki,Pernah,1,1 – 4x sebulan,Solo Raya,Wisata/ Rekreasi/ Kuliner,"Kawasan Malioboro, Area Tugu Yogyakarta (Pasar Kranggan, dll), Pasar Beringharjo","Kendaraan Sewa/ Transportasi  (Gojek, Grab, Taxi, dll)",Menggunakan Aplikasi (Gojek/ Grab/ lainnya),"Waktu lebih singkat, Biaya Murah, Kenyamanan, Kemudahan",3,4,4,5,4,4,4,3,4,4,3,4,4,4,5,5,5,5,5,5,5,5,5,5,4,5
> 54 Tahun,5,Laki-laki,1,Swasta/Karyawan/BUMN/BUMD,SMA/ SMK,2 – 5 Juta,Memiliki,Pernah,1,1 – 6 x setahun,Jawa Barat,Wisata/ Rekreasi/ Kuliner,"Kawasan Malioboro, Hotel/ Penginapan","Angkutan Umum (Bus Trans Jogja, Damri, dll)","Angkutan Umum (Bus, dll)",Biaya Murah,5,5,5,5,2,2,2,1,5,5,5,5,5,5,5,5,5,5,5,1,5,5,5,5,5,5
> 54 Tahun,5,Laki-laki,1,Pegawai Lepas/ kontrak,SMA/ SMK,2 – 5 Juta,Memiliki,Pernah,1,1 – 4x sebulan,Jawa Barat,Wisata/ Rekreasi/ Kuliner,"Kawasan Malioboro, Hotel/ Penginapan, Area Tugu Yogyakarta (Pasar Kranggan, dll)","Kendaraan Sewa/ Transportasi  (Gojek, Grab, Taxi, dll)",Menggunakan Aplikasi (Gojek/ Grab/ lainnya),"Waktu lebih singkat, Biaya Murah, Keamanan, Kenyamanan, Kemudahan",4,5,5,5,4,5,4,4,5,5,4,4,4,4,5,5,5,5,5,5,5,5,5,5,4,5
26 - 35 Tahun,2,Perempuan,2,IRT,D1 / D2/ D3,2 – 5 Juta,Memiliki,Pernah,1,1 – 6 x setahun,Luar Pulau Jawa/ Via Kereta Bandara,Wisata/ Rekreasi/ Kuliner,"Kawasan Malioboro, Hotel/ Penginapan, Area Keraton Yogyakarta, Area Tugu Yogyakarta (Pasar Kranggan, dll), Pasar Beringharjo",Becak/ Delman,Berjalan Kaki,"Waktu lebih singkat, Biaya Murah, Ramah Lingkungan, Pengalaman menarik, Kenyamanan, Kemudahan",5,5,5,5,5,5,5,1,5,5,5,5,5,5,5,5,5,5,5,5,5,5,5,5,5,5
26 - 35 Tahun,2,Laki-laki,1,Tidak/  Belum Bekerja,SMA/ SMK,"< 1,9 Juta",Memiliki,Pernah,1,1 – 6 x setahun,Solo Raya,Wisata/ Rekreasi/ Kuliner,Kawasan Malioboro,"Kendaraan Sewa/ Transportasi  (Gojek, Grab, Taxi, dll)",Menggunakan Aplikasi (Gojek/ Grab/ lainnya),Waktu lebih singkat,4,4,5,5,5,4,4,4,5,5,5,5,5,4,5,5,5,5,5,5,5,5,5,5,5,5
46 - 54 Tahun,4,Perempuan,2,IRT ,SMA/ SMK,2 – 5 Juta,Memiliki,Pernah,1,1 – 4x sebulan,Jawa Timur,Mengunjungi Keluarga,Kawasan Malioboro,Becak/ Delman,Berjalan Kaki,Pengalaman menarik,5,5,5,5,1,1,1,1,5,5,5,5,5,5,5,5,5,5,5,5,5,5,5,5,5,5
26 - 35 Tahun,2,Laki-laki,1,Swasta/Karyawan/BUMN/BUMD,SMA/ SMK,2 – 5 Juta,Memiliki,Pernah,1,7 – 12x setahun,Jawa Tengah,Wisata/ Rekreasi/ Kuliner,"Area Tugu Yogyakarta (Pasar Kranggan, dll)","Kendaraan Sewa/ Transportasi  (Gojek, Grab, Taxi, dll)","Angkutan Umum (Bus, dll)","Biaya Murah, Keamanan, Ramah Lingkungan, Pengalaman menarik, Kemudahan",5,5,5,5,5,4,4,4,5,5,5,5,4,4,4,4,4,4,4,3,4,4,3,5,4,5
12 - 25 Tahun,1,Perempuan,2,Pelajar/Mahasiswa,SMA/ SMK,2 – 5 Juta,Memiliki,Belum,2,1 – 6 x setahun,Jawa Barat,Wisata/ Rekreasi/ Kuliner,Kawasan Malioboro,"Kendaraan Sewa/ Transportasi  (Gojek, Grab, Taxi, dll)",Menggunakan kendaraan lain,Biaya Murah,3,2,2,4,2,3,3,4,3,3,2,2,2,3,2,2,3,2,4,2,4,5,1,1,2,2
> 54 Tahun,5,Perempuan,2,ASN/TNI/Polri,S2,5 – 8 Juta,Memiliki,Belum,2,1 – 6 x setahun,Jawa Timur,Wisata/ Rekreasi/ Kuliner,"Kawasan Malioboro, Area Keraton Yogyakarta, Area Tugu Yogyakarta (Pasar Kranggan, dll)","Kendaraan Sewa/ Transportasi  (Gojek, Grab, Taxi, dll)",Menggunakan Aplikasi (Gojek/ Grab/ lainnya),"Waktu lebih singkat, Biaya Murah, Keamanan, Kenyamanan",5,4,4,5,4,5,4,3,5,3,4,5,5,4,5,5,5,5,5,5,5,5,5,5,5,4
26 - 35 Tahun,2,Laki-laki,1,Swasta/Karyawan/BUMN/BUMD,S1,2 – 5 Juta,Tidak Memiliki,Pernah,1,1 – 4x sebulan,Jawa Tengah,Bekerja,"Kawasan Malioboro, Area Tugu Yogyakarta (Pasar Kranggan, dll), Pasar Beringharjo","Kendaraan Sewa/ Transportasi  (Gojek, Grab, Taxi, dll)",Menggunakan Aplikasi (Gojek/ Grab/ lainnya),"Waktu lebih singkat, Biaya Murah, Keamanan, Ramah Lingkungan, Kenyamanan, Kemudahan",3,4,5,5,5,5,4,3,5,4,4,5,4,4,4,4,4,4,4,4,4,4,4,4,4,5
> 54 Tahun,5,Laki-laki,1,Wiraswasta,SMA/ SMK,2 – 5 Juta,Memiliki,Belum,2,1 – 6 x setahun,Solo Raya,Mengunjungi Keluarga,Rumah keluarga,Kendaraan Pribadi (Parkir di Stasiun/ Dijemput),Berjalan Kaki,"Waktu lebih singkat, Biaya Murah, Kemudahan",1,1,1,3,5,5,5,5,1,1,1,3,2,2,1,4,4,4,4,5,5,5,3,3,2,3
26 - 35 Tahun,2,Laki-laki,1,Pelajar/Mahasiswa,S1,2 – 5 Juta,Memiliki,Belum,2,1 – 4x sebulan,Jawa Tengah,Wisata/ Rekreasi/ Kuliner,Hotel/ Penginapan,"Angkutan Umum (Bus Trans Jogja, Damri, dll)","Angkutan Umum (Bus, dll)",Kesehatan,2,2,1,5,5,5,4,5,4,5,5,5,4,5,4,5,4,5,4,5,5,5,5,4,4,3
36 - 45 Tahun,3,Laki-laki,1,Swasta/Karyawan/BUMN/BUMD,SMA/ SMK,2 – 5 Juta,Memiliki,Belum,2,1 – 6 x setahun,Jawa Timur,Wisata/ Rekreasi/ Kuliner,Kawasan Malioboro,"Kendaraan Sewa/ Transportasi  (Gojek, Grab, Taxi, dll)","Angkutan Umum (Bus, dll)","Biaya Murah, Kenyamanan",5,4,1,4,3,3,2,2,3,2,2,3,3,3,5,5,5,5,5,5,5,5,5,5,5,5
26 - 35 Tahun,2,Perempuan,2,Swasta/Karyawan/BUMN/BUMD,SMP,2 – 5 Juta,Tidak Memiliki,Pernah,1,1 – 6 x setahun,Jakarta dan sekitarnya,Wisata/ Rekreasi/ Kuliner,"Kawasan Malioboro, Hotel/ Penginapan, Area Keraton Yogyakarta, Area Tugu Yogyakarta (Pasar Kranggan, dll), Pasar Beringharjo","Angkutan Umum (Bus Trans Jogja, Damri, dll)","Angkutan Umum (Bus, dll)","Biaya Murah, Pengalaman menarik",5,4,4,5,5,5,2,1,5,5,5,5,5,5,5,5,5,5,5,5,5,5,5,5,5,5
> 54 Tahun,5,Laki-laki,1,Swasta/Karyawan/BUMN/BUMD,S1,5 – 8 Juta,Memiliki,Pernah,1,1 – 6 x setahun,Jakarta dan sekitarnya,Mengunjungi Keluarga,Rumah ,Kendaraan Pribadi (Parkir di Stasiun/ Dijemput),Berjalan Kaki,Biaya Murah,3,4,3,5,5,4,3,4,4,3,4,3,4,4,4,3,4,3,4,3,3,4,4,4,3,4
26 - 35 Tahun,2,Laki-laki,1,Wiraswasta,SMA/ SMK,2 – 5 Juta,Memiliki,Belum,2,1 – 6 x setahun,Jawa Barat,Memang tinggal di Jogja,Rumah,"Kendaraan Sewa/ Transportasi  (Gojek, Grab, Taxi, dll)",Menggunakan Aplikasi (Gojek/ Grab/ lainnya),"Waktu lebih singkat, Kenyamanan, Kemudahan",2,2,1,5,3,3,4,2,4,4,4,4,3,3,5,5,4,4,4,5,5,4,4,4,3,5
> 54 Tahun,5,Perempuan,2,Swasta/Karyawan/BUMN/BUMD,SMA/ SMK,2 – 5 Juta,Memiliki,Belum,2,1 – 6 x setahun,Jawa Timur,Wisata/ Rekreasi/ Kuliner,Kawasan Malioboro,Kendaraan Pribadi (Parkir di Stasiun/ Dijemput),Menggunakan Aplikasi (Gojek/ Grab/ lainnya),Keamanan,5,5,4,4,4,4,4,2,3,3,3,3,3,3,3,3,4,4,4,4,3,3,4,3,4,4
36 - 45 Tahun,3,Perempuan,2,Swasta/Karyawan/BUMN/BUMD,S1,> 8 Juta,Memiliki,Pernah,1,1 – 6 x setahun,D.I. Yogyakarta,Mengunjungi Keluarga,"Kawasan Malioboro, Hotel/ Penginapan, Area Keraton Yogyakarta, Area Tugu Yogyakarta (Pasar Kranggan, dll), Pasar Beringharjo","Kendaraan Sewa/ Transportasi  (Gojek, Grab, Taxi, dll)",Menggunakan Aplikasi (Gojek/ Grab/ lainnya),"Waktu lebih singkat, Biaya Murah, Keamanan, Ramah Lingkungan, Pengalaman menarik, Kenyamanan, Kemudahan",5,5,5,5,2,2,2,1,5,5,5,5,5,5,5,5,5,5,5,5,5,5,5,5,5,3
26 - 35 Tahun,2,Laki-laki,1,Swasta/Karyawan/BUMN/BUMD,D1 / D2/ D3,5 – 8 Juta,Memiliki,Pernah,1,1 – 6 x setahun,Jakarta dan sekitarnya,Wisata/ Rekreasi/ Kuliner,"Kawasan Malioboro, Hotel/ Penginapan, Area Keraton Yogyakarta, Area Tugu Yogyakarta (Pasar Kranggan, dll), Pasar Beringharjo",Kendaraan Pribadi (Parkir di Stasiun/ Dijemput),Menggunakan kendaraan lain,Kenyamanan,4,4,5,5,3,3,3,3,5,5,5,5,5,5,5,5,5,5,5,5,5,5,5,5,5,5
> 54 Tahun,5,Laki-laki,1,Swasta/Karyawan/BUMN/BUMD,D1 / D2/ D3,5 – 8 Juta,Memiliki,Pernah,1,7 – 12x setahun,Jawa Barat,Wisata/ Rekreasi/ Kuliner,"Kawasan Malioboro, Hotel/ Penginapan, Area Keraton Yogyakarta, Area Tugu Yogyakarta (Pasar Kranggan, dll)","Kendaraan Sewa/ Transportasi  (Gojek, Grab, Taxi, dll)","Angkutan Umum (Bus, dll)",Pengalaman menarik,4,4,4,5,4,4,2,3,5,5,5,5,5,5,5,5,5,5,5,5,5,5,5,5,5,5
12 - 25 Tahun,1,Laki-laki,1,Swasta/Karyawan/BUMN/BUMD,SMA/ SMK,"< 1,9 Juta",Memiliki,Pernah,1,2 - 7x seminggu,"Solo Raya (Karanganyar, Sukoharjo, Klaten, dll) melalui KRL Solo - Jogja",Wisata/ Rekreasi/ Kuliner,"Kawasan Malioboro, Area Keraton Yogyakarta","Kendaraan Sewa/ Transportasi  (Gojek, Grab, Taxi, dll)",Menggunakan Aplikasi (Gojek/ Grab/ lainnya),"Biaya Murah, Keamanan",4,4,5,5,5,4,5,4,3,3,5,4,4,5,5,4,5,5,4,5,5,5,4,4,4,4
> 54 Tahun,5,Perempuan,2,Swasta/Karyawan/BUMN/BUMD,SMA/ SMK,2 – 5 Juta,Memiliki,Pernah,1,2 - 7x seminggu,Jawa Barat,Wisata/ Rekreasi/ Kuliner,"Area Tugu Yogyakarta (Pasar Kranggan, dll)","Kendaraan Sewa/ Transportasi  (Gojek, Grab, Taxi, dll)",Menggunakan Aplikasi (Gojek/ Grab/ lainnya),"Waktu lebih singkat, Keamanan",4,4,5,5,4,4,4,3,5,5,5,5,5,5,5,5,5,5,5,5,5,5,5,5,5,5
> 54 Tahun,5,Perempuan,2,IRT,SMA/ SMK,"< 1,9 Juta",Memiliki,Pernah,1,1 – 4x sebulan,"Solo Raya (Karanganyar, Sukoharjo, Klaten, dll) melalui KRL Solo - Jogja",Wisata/ Rekreasi/ Kuliner,"Kawasan Malioboro, Area Keraton Yogyakarta, Area Tugu Yogyakarta (Pasar Kranggan, dll), Pasar Beringharjo","Kendaraan Sewa/ Transportasi  (Gojek, Grab, Taxi, dll)",Menggunakan Aplikasi (Gojek/ Grab/ lainnya),Kemudahan,4,5,5,5,3,3,3,3,5,5,5,5,5,5,5,5,5,5,5,5,5,5,5,5,5,5
26 - 35 Tahun,2,Perempuan,2,Swasta/Karyawan/BUMN/BUMD,SMA/ SMK,2 – 5 Juta,Tidak Memiliki,Pernah,1,1 – 6 x setahun,"Jawa Tengah (Selain Karanganyar, Sukoharjo, Klaten)",Wisata/ Rekreasi/ Kuliner,"Kawasan Malioboro, Area Keraton Yogyakarta, Area Tugu Yogyakarta (Pasar Kranggan, dll)","Kendaraan Sewa/ Transportasi  (Gojek, Grab, Taxi, dll)",Menggunakan Aplikasi (Gojek/ Grab/ lainnya),"Keamanan, Kemudahan",4,4,4,4,3,3,3,3,4,4,4,4,4,4,4,4,4,4,4,4,4,4,4,4,4,4
26 - 35 Tahun,2,Laki-laki,1,Swasta/Karyawan/BUMN/BUMD,S1,5 – 8 Juta,Memiliki,Pernah,1,1 – 6 x setahun,Jakarta dan sekitarnya,Wisata/ Rekreasi/ Kuliner,"Kawasan Malioboro, Area Keraton Yogyakarta","Kendaraan Sewa/ Transportasi  (Gojek, Grab, Taxi, dll)",Menggunakan Aplikasi (Gojek/ Grab/ lainnya),"Waktu lebih singkat, Kenyamanan, Kemudahan",5,5,5,5,2,2,2,1,5,5,5,5,5,5,5,5,5,5,5,5,5,5,5,5,5,5
> 54 Tahun,5,Perempuan,2,Tidak/  Belum Bekerja,S1,"< 1,9 Juta",Memiliki,Belum,2,1 – 6 x setahun,Jawa Timur,Wisata/ Rekreasi/ Kuliner,"Area Tugu Yogyakarta (Pasar Kranggan, dll)","Kendaraan Sewa/ Transportasi  (Gojek, Grab, Taxi, dll)",Menggunakan Aplikasi (Gojek/ Grab/ lainnya),Waktu lebih singkat,4,4,3,3,3,3,3,3,3,4,4,3,4,4,5,4,4,5,3,3,5,4,5,3,3,4
26 - 35 Tahun,2,Laki-laki,1,Swasta/Karyawan/BUMN/BUMD,SMA/ SMK,"< 1,9 Juta",Memiliki,Pernah,1,1 – 6 x setahun,D.I. Yogyakarta,Wisata/ Rekreasi/ Kuliner,"Kawasan Malioboro, Area Keraton Yogyakarta","Angkutan Umum (Bus Trans Jogja, Damri, dll)","Angkutan Umum (Bus, dll)","Waktu lebih singkat, Biaya Murah",5,3,4,5,1,3,3,2,5,5,5,5,5,5,5,5,5,5,5,5,5,5,5,5,5,5
26 - 35 Tahun,2,Laki-laki,1,Swasta/Karyawan/BUMN/BUMD,SMA/ SMK,"< 1,9 Juta",Memiliki,Pernah,1,1 – 6 x setahun,Jawa Timur,Wisata/ Rekreasi/ Kuliner,"Kawasan Malioboro, Hotel/ Penginapan, Area Tugu Yogyakarta (Pasar Kranggan, dll)","Angkutan Umum (Bus Trans Jogja, Damri, dll)",Menggunakan kendaraan lain,"Waktu lebih singkat, Biaya Murah, Ramah Lingkungan, Pengalaman menarik",5,5,3,5,1,3,2,1,5,5,5,5,5,5,5,5,5,5,5,5,5,5,5,5,5,5
> 54 Tahun,5,Perempuan,2,Swasta/Karyawan/BUMN/BUMD,SMA/ SMK,2 – 5 Juta,Memiliki,Pernah,1,1 – 6 x setahun,Jakarta dan sekitarnya,Wisata/ Rekreasi/ Kuliner,"Kawasan Malioboro, Hotel/ Penginapan, Area Keraton Yogyakarta, Area Tugu Yogyakarta (Pasar Kranggan, dll), Pasar Beringharjo","Kendaraan Sewa/ Transportasi  (Gojek, Grab, Taxi, dll)",Menggunakan Aplikasi (Gojek/ Grab/ lainnya),"Waktu lebih singkat, Keamanan, Kenyamanan, Kemudahan",5,4,5,4,3,3,3,3,5,5,5,4,3,3,3,3,3,3,3,3,3,3,3,3,3,4
26 - 35 Tahun,2,Perempuan,2,Swasta/Karyawan/BUMN/BUMD,SMA/ SMK,2 – 5 Juta,Memiliki,Belum,2,1 – 6 x setahun,Jakarta dan sekitarnya,Mengunjungi Keluarga,"Kawasan Malioboro, Hotel/ Penginapan, Pasar Beringharjo","Angkutan Umum (Bus Trans Jogja, Damri, dll)",Menggunakan kendaraan lain,"Biaya Murah, Keamanan, Kenyamanan, Kemudahan",5,5,5,5,2,1,1,1,3,5,5,4,5,5,4,5,5,5,5,5,5,5,5,5,5,3
> 54 Tahun,5,Laki-laki,1,Swasta/Karyawan/BUMN/BUMD,SMA/ SMK,5 – 8 Juta,Memiliki,Belum,2,1 – 4x sebulan,D.I. Yogyakarta,Wisata/ Rekreasi/ Kuliner,Kawasan Malioboro,Kendaraan Pribadi (Parkir di Stasiun/ Dijemput),"Telpon/ WA/ SMS, lainnya",Waktu lebih singkat,5,5,5,5,3,3,3,3,5,5,5,5,5,5,5,5,5,5,5,5,5,5,5,5,5,5
12 - 25 Tahun,1,Perempuan,2,Tidak/  Belum Bekerja,SMA/ SMK,"< 1,9 Juta",Tidak Memiliki,Belum,2,1 – 4x sebulan,Jawa Barat,Pendidikan,Area Keraton Yogyakarta,"Angkutan Umum (Bus Trans Jogja, Damri, dll)","Angkutan Umum (Bus, dll)","Keamanan, Pengalaman menarik, Kenyamanan, Kemudahan",4,4,4,4,4,4,4,4,4,4,4,4,4,4,4,4,4,4,4,4,4,4,4,4,4,4
26 - 35 Tahun,2,Perempuan,2,IRT,SMA/ SMK,2 – 5 Juta,Memiliki,Pernah,1,1 – 4x sebulan,"Solo Raya (Karanganyar, Sukoharjo, Klaten, dll) melalui KRL Solo - Jogja",Kegiatan Jual/ Beli/ Transaksi,"Kawasan Malioboro, Area Tugu Yogyakarta (Pasar Kranggan, dll), Pasar Beringharjo",Becak/ Delman,Berjalan Kaki,"Waktu lebih singkat, Biaya Murah, Ramah Lingkungan, Kemudahan",5,5,4,5,4,4,4,3,5,5,5,5,4,5,5,5,5,5,5,5,5,5,5,5,5,5
26 - 35 Tahun,2,Laki-laki,1,Tidak/  Belum Bekerja,SMP,"< 1,9 Juta",Memiliki,Belum,2,1 – 6 x setahun,"Solo Raya (Karanganyar, Sukoharjo, Klaten, dll) melalui KRL Solo - Jogja",Wisata/ Rekreasi/ Kuliner,Kawasan Malioboro,Becak/ Delman,"Angkutan Umum (Bus, dll)","Biaya Murah, Ramah Lingkungan",2,2,2,2,5,5,5,3,4,4,4,3,3,3,4,4,4,4,4,4,4,4,3,2,2,4
> 54 Tahun,5,Perempuan,2,Swasta/Karyawan/BUMN/BUMD,SMA/ SMK,2 – 5 Juta,Memiliki,Pernah,1,1 – 6 x setahun,Jawa Timur,Wisata/ Rekreasi/ Kuliner,"Kawasan Malioboro, Hotel/ Penginapan, Area Keraton Yogyakarta, Area Tugu Yogyakarta (Pasar Kranggan, dll)","Kendaraan Sewa/ Transportasi  (Gojek, Grab, Taxi, dll)",Menggunakan Aplikasi (Gojek/ Grab/ lainnya),"Waktu lebih singkat, Biaya Murah, Pengalaman menarik",4,3,3,5,3,3,4,3,3,3,3,4,4,4,5,5,5,5,5,5,5,3,4,4,4,5
> 54 Tahun,5,Laki-laki,1,Swasta/Karyawan/BUMN/BUMD,SMA/ SMK,2 – 5 Juta,Tidak Memiliki,Pernah,1,1 – 4x sebulan,Jakarta dan sekitarnya,Wisata/ Rekreasi/ Kuliner,"Kawasan Malioboro, Area Tugu Yogyakarta (Pasar Kranggan, dll)","Kendaraan Sewa/ Transportasi  (Gojek, Grab, Taxi, dll)",Menggunakan Aplikasi (Gojek/ Grab/ lainnya),"Waktu lebih singkat, Pengalaman menarik",5,4,5,5,4,4,4,2,4,4,4,5,4,4,4,4,4,5,4,4,5,4,4,4,5,4
26 - 35 Tahun,2,Perempuan,2,Swasta/Karyawan/BUMN/BUMD,SMA/ SMK,5 – 8 Juta,Memiliki,Belum,2,7 – 12x setahun,Jawa Barat,Wisata/ Rekreasi/ Kuliner,"Kawasan Malioboro, Area Keraton Yogyakarta, Area Tugu Yogyakarta (Pasar Kranggan, dll)",Becak/ Delman,Menggunakan kendaraan lain,"Biaya Murah, Ramah Lingkungan, Pengalaman menarik, Kenyamanan, Kemudahan",5,4,5,5,5,4,1,2,3,4,4,5,4,4,5,5,4,5,4,4,5,5,5,5,5,5
26 - 35 Tahun,2,Laki-laki,1,Swasta/Karyawan/BUMN/BUMD,SMA/ SMK,2 – 5 Juta,Tidak Memiliki,Pernah,1,1 – 6 x setahun,Jakarta dan sekitarnya,Mengunjungi Keluarga,"Kawasan Malioboro, Area Keraton Yogyakarta, Area Tugu Yogyakarta (Pasar Kranggan, dll)",Becak/ Delman,Menggunakan Aplikasi (Gojek/ Grab/ lainnya),"Waktu lebih singkat, Biaya Murah, Ramah Lingkungan, Kemudahan",5,5,5,5,2,2,3,2,4,4,5,5,4,4,4,4,4,5,4,4,5,5,5,4,5,4
> 54 Tahun,5,Perempuan,2,Swasta/Karyawan/BUMN/BUMD,SMA/ SMK,5 – 8 Juta,Memiliki,Pernah,1,7 – 12x setahun,D.I. Yogyakarta,Wisata/ Rekreasi/ Kuliner,"Kawasan Malioboro, Area Keraton Yogyakarta, Area Tugu Yogyakarta (Pasar Kranggan, dll), Pasar Beringharjo","Angkutan Umum (Bus Trans Jogja, Damri, dll)","Angkutan Umum (Bus, dll)","Waktu lebih singkat, Biaya Murah, Keamanan, Ramah Lingkungan, Pengalaman menarik, Kenyamanan, Kemudahan",4,4,3,5,3,3,3,2,5,5,5,5,5,5,5,5,5,5,5,5,5,5,5,5,5,5
26 - 35 Tahun,2,Laki-laki,1,ASN/TNI/Polri,S1,> 8 Juta,Memiliki,Pernah,1,1 – 4x sebulan,"Jawa Tengah (Selain Karanganyar, Sukoharjo, Klaten)",Bekerja,"Kawasan Malioboro, Area Keraton Yogyakarta","Angkutan Umum (Bus Trans Jogja, Damri, dll)","Angkutan Umum (Bus, dll)","Biaya Murah, Ramah Lingkungan, Pengalaman menarik, Kenyamanan",4,5,4,5,2,3,1,5,5,4,5,4,4,4,5,3,5,4,4,4,5,3,4,2,4,1
12 - 25 Tahun,1,Perempuan,2,Swasta/Karyawan/BUMN/BUMD,D1 / D2/ D3,2 – 5 Juta,Memiliki,Pernah,1,1 – 6 x setahun,"Jawa Tengah (Selain Karanganyar, Sukoharjo, Klaten)",Wisata/ Rekreasi/ Kuliner,Kawasan Malioboro,"Kendaraan Sewa/ Transportasi  (Gojek, Grab, Taxi, dll)",Menggunakan Aplikasi (Gojek/ Grab/ lainnya),"Waktu lebih singkat, Kenyamanan, Kemudahan",4,3,3,5,3,4,2,2,4,4,4,5,4,4,5,5,5,4,5,5,5,5,4,4,4,4
12 - 25 Tahun,1,Perempuan,2,Pelajar/Mahasiswa,SMA/ SMK,2 – 5 Juta,Memiliki,Pernah,1,1 – 4x sebulan,Jawa Barat,Wisata/ Rekreasi/ Kuliner,Hotel/ Penginapan,"Kendaraan Sewa/ Transportasi  (Gojek, Grab, Taxi, dll)",Menggunakan Aplikasi (Gojek/ Grab/ lainnya),Kemudahan,5,5,4,4,3,4,4,2,5,4,4,5,5,5,5,5,5,5,5,5,5,5,5,5,4,3
26 - 35 Tahun,2,Perempuan,2,Swasta/Karyawan/BUMN/BUMD,D1 / D2/ D3,5 – 8 Juta,Memiliki,Pernah,1,1 – 4x sebulan,Jakarta dan sekitarnya,Wisata/ Rekreasi/ Kuliner,Kawasan Malioboro,"Angkutan Umum (Bus Trans Jogja, Damri, dll)","Angkutan Umum (Bus, dll)","Waktu lebih singkat, Biaya Murah, Kenyamanan, Kemudahan",5,5,5,5,5,5,5,5,5,5,5,5,5,5,5,5,5,5,5,5,5,5,5,5,5,5
> 54 Tahun,5,Laki-laki,1,Swasta/Karyawan/BUMN/BUMD,D1 / D2/ D3,2 – 5 Juta,Memiliki,Belum,2,1 – 6 x setahun,Jawa Barat,Mengunjungi Keluarga,"Kawasan Malioboro, Hotel/ Penginapan, Area Tugu Yogyakarta (Pasar Kranggan, dll)","Kendaraan Sewa/ Transportasi  (Gojek, Grab, Taxi, dll)",Menggunakan Aplikasi (Gojek/ Grab/ lainnya),"Waktu lebih singkat, Keamanan, Kenyamanan, Kemudahan",4,5,3,5,4,1,1,1,4,5,5,4,3,3,3,5,4,5,5,5,4,5,5,5,5,5
12 - 25 Tahun,1,Perempuan,2,Tidak/  Belum Bekerja,SMA/ SMK,"< 1,9 Juta",Tidak Memiliki,Pernah,1,1 – 6 x setahun,Jawa Barat,Wisata/ Rekreasi/ Kuliner,Kawasan Malioboro,"Kendaraan Sewa/ Transportasi  (Gojek, Grab, Taxi, dll)",Menggunakan Aplikasi (Gojek/ Grab/ lainnya),"Waktu lebih singkat, Biaya Murah, Keamanan, Kenyamanan",4,4,4,5,3,3,3,3,5,5,5,5,5,5,3,3,5,4,4,4,4,3,4,4,4,3
26 - 35 Tahun,2,Perempuan,2,Swasta/Karyawan/BUMN/BUMD,D1 / D2/ D3,5 – 8 Juta,Memiliki,Pernah,1,1 – 6 x setahun,"Jawa Tengah (Selain Karanganyar, Sukoharjo, Klaten)",Bekerja,"Area Tugu Yogyakarta (Pasar Kranggan, dll)","Kendaraan Sewa/ Transportasi  (Gojek, Grab, Taxi, dll)",Menggunakan Aplikasi (Gojek/ Grab/ lainnya),"Waktu lebih singkat, Kemudahan",4,3,4,5,3,3,1,2,5,5,5,5,5,5,5,5,5,5,5,5,5,5,5,5,5,5
> 54 Tahun,5,Perempuan,2,Swasta/Karyawan/BUMN/BUMD,SMA/ SMK,2 – 5 Juta,Memiliki,Pernah,1,1 – 4x sebulan,Jawa Barat,Pendidikan,"Kawasan Malioboro, Area Keraton Yogyakarta",Kendaraan Pribadi (Parkir di Stasiun/ Dijemput),Menggunakan Aplikasi (Gojek/ Grab/ lainnya),"Keamanan, Ramah Lingkungan, Kenyamanan",4,4,4,4,3,3,3,2,4,4,4,5,5,5,5,5,5,5,5,5,5,5,5,5,5,5
26 - 35 Tahun,2,Perempuan,2,Swasta/Karyawan/BUMN/BUMD,D1 / D2/ D3,5 – 8 Juta,Memiliki,Pernah,1,7 – 12x setahun,"Jawa Tengah (Selain Karanganyar, Sukoharjo, Klaten)",Bekerja,"Area Tugu Yogyakarta (Pasar Kranggan, dll)","Kendaraan Sewa/ Transportasi  (Gojek, Grab, Taxi, dll)",Menggunakan Aplikasi (Gojek/ Grab/ lainnya),"Waktu lebih singkat, Biaya Murah, Keamanan, Pengalaman menarik, Kenyamanan, Kemudahan",5,5,5,5,5,1,1,1,5,5,5,5,5,5,5,5,5,5,5,5,5,5,5,5,5,5
12 - 25 Tahun,1,Laki-laki,1,Swasta/Karyawan/BUMN/BUMD,SMA/ SMK,2 – 5 Juta,Memiliki,Pernah,1,1 – 4x sebulan,Jakarta dan sekitarnya,Ibadah,Area Keraton Yogyakarta,"Kendaraan Sewa/ Transportasi  (Gojek, Grab, Taxi, dll)",Menggunakan Aplikasi (Gojek/ Grab/ lainnya),Biaya Murah,5,5,3,4,5,5,3,1,3,3,5,3,4,2,3,2,4,3,2,3,2,3,3,3,4,3
> 54 Tahun,5,Perempuan,2,Swasta/Karyawan/BUMN/BUMD,D1 / D2/ D3,2 – 5 Juta,Memiliki,Belum,2,7 – 12x setahun,"Solo Raya (Karanganyar, Sukoharjo, Klaten, dll) melalui KRL Solo - Jogja",Wisata/ Rekreasi/ Kuliner,"Area Tugu Yogyakarta (Pasar Kranggan, dll)","Kendaraan Sewa/ Transportasi  (Gojek, Grab, Taxi, dll)",Menggunakan Aplikasi (Gojek/ Grab/ lainnya),"Waktu lebih singkat, Biaya Murah, Keamanan, Kesehatan, Pengalaman menarik, Kenyamanan, Kemudahan",5,5,5,5,5,1,1,1,5,5,5,5,5,5,5,5,5,5,5,5,5,5,5,5,5,5
26 - 35 Tahun,2,Perempuan,2,Swasta/Karyawan/BUMN/BUMD,S1,5 – 8 Juta,Memiliki,Belum,2,1 – 6 x setahun,"Jawa Tengah (Selain Karanganyar, Sukoharjo, Klaten)",Wisata/ Rekreasi/ Kuliner,Kawasan Malioboro,"Kendaraan Sewa/ Transportasi  (Gojek, Grab, Taxi, dll)",Menggunakan Aplikasi (Gojek/ Grab/ lainnya),"Biaya Murah, Keamanan, Kenyamanan",4,3,5,5,4,4,3,2,4,4,3,5,3,3,5,5,5,5,5,5,5,5,4,4,4,5
> 54 Tahun,5,Laki-laki,1,Swasta/Karyawan/BUMN/BUMD,S1,5 – 8 Juta,Memiliki,Pernah,1,2 - 7x seminggu,"Solo Raya (Karanganyar, Sukoharjo, Klaten, dll) melalui KRL Solo - Jogja",Bekerja,Kawasan Malioboro,Berjalan Kaki,Berjalan Kaki,"Biaya Murah, Kesehatan, Ramah Lingkungan",5,5,5,5,1,1,1,1,5,5,5,5,5,5,5,5,5,5,5,5,5,5,5,5,5,5
26 - 35 Tahun,2,Perempuan,2,Swasta/Karyawan/BUMN/BUMD,S1,"< 1,9 Juta",Memiliki,Belum,2,1 – 6 x setahun,Jawa Barat,Wisata/ Rekreasi/ Kuliner,"Kawasan Malioboro, Hotel/ Penginapan","Kendaraan Sewa/ Transportasi  (Gojek, Grab, Taxi, dll)",Menggunakan Aplikasi (Gojek/ Grab/ lainnya),Kemudahan,5,3,5,5,5,4,5,3,5,5,5,5,5,5,4,4,4,4,4,5,5,5,5,5,5,3
36 - 45 Tahun,3,Perempuan,2,Tidak/  Belum Bekerja,SMA/ SMK,"< 1,9 Juta",Memiliki,Belum,2,1 – 6 x setahun,Jawa Timur,Mengunjungi Keluarga,"Kawasan Malioboro, Area Tugu Yogyakarta (Pasar Kranggan, dll)",Kendaraan Pribadi (Parkir di Stasiun/ Dijemput),Menggunakan Aplikasi (Gojek/ Grab/ lainnya),Ramah Lingkungan,5,5,4,5,4,4,4,3,4,4,4,4,4,4,4,4,4,5,5,5,4,4,4,5,4,4
26 - 35 Tahun,2,Perempuan,2,Tidak/  Belum Bekerja,D1 / D2/ D3,"< 1,9 Juta",Memiliki,Belum,2,1 – 6 x setahun,Jawa Timur,Wisata/ Rekreasi/ Kuliner,Hotel/ Penginapan,Berjalan Kaki,Berjalan Kaki,"Biaya Murah, Kemudahan",4,4,4,4,4,4,4,2,4,4,4,5,4,4,4,4,4,4,4,4,5,4,4,4,4,5
> 54 Tahun,5,Laki-laki,1,Swasta/Karyawan/BUMN/BUMD,SMA/ SMK,"< 1,9 Juta",Memiliki,Pernah,1,7 – 12x setahun,"Solo Raya (Karanganyar, Sukoharjo, Klaten, dll) melalui KRL Solo - Jogja",Wisata/ Rekreasi/ Kuliner,"Kawasan Malioboro, Area Tugu Yogyakarta (Pasar Kranggan, dll)","Angkutan Umum (Bus Trans Jogja, Damri, dll)","Angkutan Umum (Bus, dll)","Biaya Murah, Kemudahan",4,2,4,3,5,5,5,4,3,4,4,4,4,3,5,5,5,5,5,4,5,5,5,5,4,4
36 - 45 Tahun,3,Laki-laki,1,ASN/TNI/Polri,S2,2 – 5 Juta,Memiliki,Belum,2,1 – 6 x setahun,Jakarta dan sekitarnya,Wisata/ Rekreasi/ Kuliner,Kawasan Malioboro,Berjalan Kaki,Berjalan Kaki,Pengalaman menarik,3,4,4,4,4,4,4,4,3,3,3,4,4,4,4,4,4,4,4,4,4,4,4,3,3,3
26 - 35 Tahun,2,Perempuan,2,Swasta/Karyawan/BUMN/BUMD,S1,2 – 5 Juta,Memiliki,Belum,2,1 – 6 x setahun,D.I. Yogyakarta,Bekerja,"Kawasan Malioboro, Area Keraton Yogyakarta, Area Tugu Yogyakarta (Pasar Kranggan, dll)","Kendaraan Sewa/ Transportasi  (Gojek, Grab, Taxi, dll)",Menggunakan Aplikasi (Gojek/ Grab/ lainnya),"Waktu lebih singkat, Keamanan, Kenyamanan, Kemudahan",4,3,4,4,4,3,3,4,5,4,5,4,3,3,5,4,3,4,4,4,5,4,5,3,4,4
> 54 Tahun,5,Perempuan,2,Pegawai Lepas/ Kontrak,SMA/ SMK,2 – 5 Juta,Memiliki,Belum,2,1 – 4x sebulan,"Solo Raya (Karanganyar, Sukoharjo, Klaten, dll) melalui KRL Solo - Jogja",Mengunjungi Keluarga,"Area Tugu Yogyakarta (Pasar Kranggan, dll)","Kendaraan Sewa/ Transportasi  (Gojek, Grab, Taxi, dll)",Menggunakan Aplikasi (Gojek/ Grab/ lainnya),"Waktu lebih singkat, Biaya Murah, Kesehatan",5,5,5,5,3,3,3,2,5,5,5,4,4,4,4,4,4,4,4,4,4,4,4,4,4,4
26 - 35 Tahun,2,Laki-laki,1,Swasta/Karyawan/BUMN/BUMD,S1,5 – 8 Juta,Memiliki,Belum,2,1 – 6 x setahun,Jawa Timur,Wisata/ Rekreasi/ Kuliner,Hotel/ Penginapan,"Kendaraan Sewa/ Transportasi  (Gojek, Grab, Taxi, dll)",Menggunakan Aplikasi (Gojek/ Grab/ lainnya),"Kenyamanan, Kemudahan",4,4,3,4,2,2,3,2,4,4,4,3,3,3,5,5,5,4,5,4,4,5,4,3,4,4
36 - 45 Tahun,3,Laki-laki,1,Swasta/Karyawan/BUMN/BUMD,S1,5 – 8 Juta,Memiliki,Belum,2,1 – 6 x setahun,Jakarta dan sekitarnya,Wisata/ Rekreasi/ Kuliner,Kawasan Malioboro,"Kendaraan Sewa/ Transportasi  (Gojek, Grab, Taxi, dll)",Menggunakan Aplikasi (Gojek/ Grab/ lainnya),"Keamanan, Kenyamanan, Kemudahan",4,4,4,4,4,4,4,4,3,4,3,4,3,3,5,5,5,5,5,5,5,5,4,4,4,4
36 - 45 Tahun,3,Laki-laki,1,Swasta/Karyawan/BUMN/BUMD,SMA/ SMK,5 – 8 Juta,Memiliki,Belum,2,1 – 6 x setahun,Jawa Barat,Kegiatan Jual/ Beli/ Transaksi,Hotel/ Penginapan,"Kendaraan Sewa/ Transportasi  (Gojek, Grab, Taxi, dll)",Menggunakan Aplikasi (Gojek/ Grab/ lainnya),"Waktu lebih singkat, Keamanan, Kenyamanan",5,5,5,5,1,1,1,1,5,5,5,5,5,5,5,5,5,5,5,5,5,5,5,4,4,4
26 - 35 Tahun,2,Laki-laki,1,Tidak/  Belum Bekerja,SMA/ SMK,"< 1,9 Juta",Tidak Memiliki,Belum,2,1 – 6 x setahun,"Solo Raya (Karanganyar, Sukoharjo, Klaten, dll) melalui KRL Solo - Jogja",Bekerja,"Kawasan Malioboro, Pasar Beringharjo","Kendaraan Sewa/ Transportasi  (Gojek, Grab, Taxi, dll)",Menggunakan Aplikasi (Gojek/ Grab/ lainnya),"Waktu lebih singkat, Biaya Murah, Keamanan, Kenyamanan, Kemudahan",3,3,3,2,3,3,4,2,3,3,3,3,3,3,3,3,3,3,4,4,4,4,4,4,4,4
> 54 Tahun,5,Laki-laki,1,Swasta/Karyawan/BUMN/BUMD,SMA/ SMK,2 – 5 Juta,Memiliki,Belum,2,7 – 12x setahun,Jakarta dan sekitarnya,Wisata/ Rekreasi/ Kuliner,Kawasan Malioboro,"Kendaraan Sewa/ Transportasi  (Gojek, Grab, Taxi, dll)",Menggunakan Aplikasi (Gojek/ Grab/ lainnya),Biaya Murah,5,5,5,5,4,5,4,3,5,5,5,5,5,5,5,5,5,5,5,5,5,5,5,5,5,5
26 - 35 Tahun,2,Laki-laki,1,Swasta/Karyawan/BUMN/BUMD,SMA/ SMK,"< 1,9 Juta",Tidak Memiliki,Pernah,1,1 – 6 x setahun,"Solo Raya (Karanganyar, Sukoharjo, Klaten, dll) melalui KRL Solo - Jogja",Wisata/ Rekreasi/ Kuliner,"Area Tugu Yogyakarta (Pasar Kranggan, dll)",Dijemput teman2,Menggunakan kendaraan lain,"Biaya Murah, Keamanan, Ramah Lingkungan, Pengalaman menarik, Kenyamanan, Kemudahan",3,4,4,3,3,3,3,3,4,4,4,4,3,3,4,4,4,4,4,4,4,4,4,4,4,3
26 - 35 Tahun,2,Laki-laki,1,Swasta/Karyawan/BUMN/BUMD,SMA/ SMK,2 – 5 Juta,Memiliki,Belum,2,1 – 6 x setahun,Jawa Barat,Wisata/ Rekreasi/ Kuliner,"Kawasan Malioboro, Hotel/ Penginapan, Area Tugu Yogyakarta (Pasar Kranggan, dll)","Kendaraan Sewa/ Transportasi  (Gojek, Grab, Taxi, dll)",Menggunakan Aplikasi (Gojek/ Grab/ lainnya),"Waktu lebih singkat, Kemudahan",5,5,5,5,3,4,3,1,5,5,5,5,5,5,5,5,5,5,5,5,5,5,5,5,5,5
> 54 Tahun,5,Laki-laki,1,Swasta/Karyawan/BUMN/BUMD,SMA/ SMK,5 – 8 Juta,Memiliki,Pernah,1,1 – 4x sebulan,"Solo Raya (Karanganyar, Sukoharjo, Klaten, dll) melalui KRL Solo - Jogja",Mengunjungi Keluarga,"Area Tugu Yogyakarta (Pasar Kranggan, dll)","Angkutan Umum (Bus Trans Jogja, Damri, dll)","Angkutan Umum (Bus, dll)","Waktu lebih singkat, Biaya Murah, Ramah Lingkungan, Pengalaman menarik, Kenyamanan, Kemudahan",5,5,5,5,1,1,1,1,5,5,5,5,5,5,5,5,5,5,5,5,5,5,5,5,5,5
36 - 45 Tahun,3,Laki-laki,1,Swasta/Karyawan/BUMN/BUMD,SMA/ SMK,5 – 8 Juta,Memiliki,Pernah,1,1 – 6 x setahun,Jakarta dan sekitarnya,Wisata/ Rekreasi/ Kuliner,"Kawasan Malioboro, Hotel/ Penginapan, Area Keraton Yogyakarta, Area Tugu Yogyakarta (Pasar Kranggan, dll), Pasar Beringharjo","Kendaraan Sewa/ Transportasi  (Gojek, Grab, Taxi, dll)",Menggunakan Aplikasi (Gojek/ Grab/ lainnya),"Waktu lebih singkat, Keamanan, Kenyamanan",4,4,4,5,3,3,2,2,4,5,5,5,4,4,5,4,4,5,4,5,5,5,5,5,5,4
26 - 35 Tahun,2,Laki-laki,1,Swasta/Karyawan/BUMN/BUMD,D1 / D2/ D3,5 – 8 Juta,Memiliki,Belum,2,1 – 6 x setahun,Jakarta dan sekitarnya,Mengunjungi Keluarga,"Kawasan Malioboro, Area Tugu Yogyakarta (Pasar Kranggan, dll), Pasar Beringharjo","Kendaraan Sewa/ Transportasi  (Gojek, Grab, Taxi, dll)",Berjalan Kaki,"Keamanan, Kenyamanan, Kemudahan",5,5,5,5,1,1,3,2,4,4,4,4,5,4,5,5,4,4,4,5,5,5,4,4,4,5
> 54 Tahun,5,Laki-laki,1,Tidak/  Belum Bekerja,SMA/ SMK,"< 1,9 Juta",Tidak Memiliki,Pernah,1,1 – 6 x setahun,"Solo Raya (Karanganyar, Sukoharjo, Klaten, dll) melalui KRL Solo - Jogja",Wisata/ Rekreasi/ Kuliner,"Kawasan Malioboro, Area Tugu Yogyakarta (Pasar Kranggan, dll)","Kendaraan Sewa/ Transportasi  (Gojek, Grab, Taxi, dll)",Menggunakan Aplikasi (Gojek/ Grab/ lainnya),"Waktu lebih singkat, Kenyamanan, Kemudahan",3,3,4,4,4,4,4,3,4,4,4,4,4,4,4,4,4,4,4,4,4,4,4,4,4,4
36 - 45 Tahun,3,Laki-laki,1,Tidak/  Belum Bekerja,SMP,"< 1,9 Juta",Memiliki,Pernah,1,1 – 6 x setahun,Jawa Timur,Mengunjungi Keluarga,"Area Tugu Yogyakarta (Pasar Kranggan, dll)","Kendaraan Sewa/ Transportasi  (Gojek, Grab, Taxi, dll)",Menggunakan Aplikasi (Gojek/ Grab/ lainnya),"Biaya Murah, Kemudahan",3,3,4,4,3,3,3,3,4,4,4,4,4,3,5,5,5,5,4,5,5,5,4,3,3,4
